-- phpMyAdmin SQL Dump
-- version 4.9.1
-- https://www.phpmyadmin.net/
--
-- Host: localhost
-- Generation Time: Jun 06, 2021 at 03:49 AM
-- Server version: 8.0.17
-- PHP Version: 7.3.10

SET SQL_MODE = "NO_AUTO_VALUE_ON_ZERO";
SET AUTOCOMMIT = 0;
START TRANSACTION;
SET time_zone = "+00:00";


/*!40101 SET @OLD_CHARACTER_SET_CLIENT=@@CHARACTER_SET_CLIENT */;
/*!40101 SET @OLD_CHARACTER_SET_RESULTS=@@CHARACTER_SET_RESULTS */;
/*!40101 SET @OLD_COLLATION_CONNECTION=@@COLLATION_CONNECTION */;
/*!40101 SET NAMES utf8mb4 */;

--
-- Database: `schoolfinancial`
--

-- --------------------------------------------------------

--
-- Table structure for table `bankaccount`
--

CREATE TABLE `bankaccount` (
  `Id` int(11) NOT NULL,
  `BankName` varchar(255) CHARACTER SET utf8mb4 COLLATE utf8mb4_general_ci NOT NULL,
  `AccountName` varchar(255) CHARACTER SET utf8mb4 COLLATE utf8mb4_general_ci NOT NULL,
  `AccountNumber` varchar(20) CHARACTER SET utf8mb4 COLLATE utf8mb4_general_ci NOT NULL,
  `SchoolId` int(11) NOT NULL,
  `CreatedDate` datetime NOT NULL
) ENGINE=InnoDB DEFAULT CHARSET=utf8mb4 COLLATE=utf8mb4_general_ci;

--
-- Dumping data for table `bankaccount`
--

INSERT INTO `bankaccount` (`Id`, `BankName`, `AccountName`, `AccountNumber`, `SchoolId`, `CreatedDate`) VALUES
(1, 'ธนาคาร1', 'สีส้ม', '1111111111', 1057120596, '2020-12-07 12:44:03'),
(2, 'ธนาคาร2', 'สีน้ำเงิน', '2222222222', 1057120596, '2020-12-07 12:44:03'),
(3, 'ธนาคาร3', 'สีเหลือง', '3333333333', 1057120596, '2020-12-07 12:44:53');

-- --------------------------------------------------------

--
-- Table structure for table `bringforward`
--

CREATE TABLE `bringforward` (
  `Id` int(11) NOT NULL,
  `Amount` decimal(10,2) NOT NULL,
  `Month` date NOT NULL,
  `BudgetId` int(11) NOT NULL,
  `CreatedDate` datetime NOT NULL
) ENGINE=InnoDB DEFAULT CHARSET=utf8mb4 COLLATE=utf8mb4_general_ci;

--
-- Dumping data for table `bringforward`
--

INSERT INTO `bringforward` (`Id`, `Amount`, `Month`, `BudgetId`, `CreatedDate`) VALUES
(8, '1100.91', '2019-11-09', 7, '2020-11-09 15:46:30'),
(9, '223600.91', '2019-12-01', 7, '2020-11-09 15:49:11'),
(10, '81200.91', '2020-01-06', 7, '2020-11-09 15:59:43'),
(11, '277000.91', '2020-02-03', 7, '2020-11-10 15:49:26'),
(16, '50903.13', '2019-11-01', 8, '2020-11-28 16:19:41'),
(17, '384009.35', '2019-12-07', 8, '2020-11-28 17:11:46'),
(18, '277000.91', '2020-03-01', 7, '2020-11-30 11:47:44'),
(19, '277000.91', '2020-04-01', 7, '2020-11-30 11:47:45'),
(20, '277000.91', '2020-05-01', 7, '2020-11-30 11:47:45'),
(21, '277000.91', '2020-06-01', 7, '2020-11-30 11:47:45'),
(22, '277000.91', '2020-07-01', 7, '2020-11-30 11:47:45'),
(23, '277000.91', '2020-08-01', 7, '2020-11-30 11:47:45'),
(24, '277000.91', '2020-09-01', 7, '2020-11-30 11:47:46'),
(25, '277000.91', '2020-10-01', 7, '2020-11-30 11:47:46'),
(26, '277000.91', '2020-11-01', 7, '2020-11-30 11:47:48'),
(27, '381696.04', '2020-01-01', 8, '2020-11-30 12:02:13'),
(28, '381696.04', '2020-02-01', 8, '2020-11-30 12:02:13'),
(29, '381696.04', '2020-03-01', 8, '2020-11-30 12:02:13'),
(30, '381696.04', '2020-04-01', 8, '2020-11-30 12:02:13'),
(31, '381696.04', '2020-05-01', 8, '2020-11-30 12:02:13'),
(32, '381696.04', '2020-06-01', 8, '2020-11-30 12:02:13'),
(33, '381696.04', '2020-07-01', 8, '2020-11-30 12:02:13'),
(34, '381696.04', '2020-08-01', 8, '2020-11-30 12:02:13'),
(35, '381696.04', '2020-09-01', 8, '2020-11-30 12:02:13'),
(36, '381696.04', '2020-10-01', 8, '2020-11-30 12:02:13'),
(37, '381696.04', '2020-11-01', 8, '2020-11-30 12:02:13'),
(38, '277000.91', '2020-12-09', 7, '2020-12-01 14:29:04'),
(39, '-1157.30', '2020-02-08', 0, '2020-12-06 14:29:04'),
(40, '-1157.30', '2020-03-08', 0, '2020-12-06 14:29:04'),
(41, '-1157.30', '2020-04-08', 0, '2020-12-06 14:29:04'),
(42, '-1157.30', '2020-05-08', 0, '2020-12-06 14:29:04'),
(43, '-1157.30', '2020-06-08', 0, '2020-12-06 14:29:04'),
(44, '-1157.30', '2020-07-08', 0, '2020-12-06 14:29:04'),
(45, '-1157.30', '2020-08-08', 0, '2020-12-06 14:29:04'),
(46, '-1157.30', '2020-09-08', 0, '2020-12-06 14:29:04'),
(47, '-1157.30', '2020-10-08', 0, '2020-12-06 14:29:04'),
(48, '-1157.30', '2020-11-08', 0, '2020-12-06 14:29:04'),
(49, '-1157.30', '2020-12-08', 0, '2020-12-06 14:29:04'),
(50, '381696.04', '2020-12-23', 8, '2020-12-06 14:34:01'),
(12216, '0.00', '2019-11-01', 0, '2020-12-06 15:05:57'),
(12217, '0.00', '2019-12-01', 0, '2020-12-06 15:05:57'),
(12218, '0.00', '2020-01-01', 0, '2020-12-06 15:05:57'),
(12219, '30820.91', '2019-10-01', 7, '2019-10-01 00:00:00'),
(12220, '277000.91', '2021-01-01', 7, '2021-03-24 13:24:11'),
(12221, '277000.91', '2021-02-01', 7, '2021-03-24 13:24:11'),
(12222, '277000.91', '2021-03-01', 7, '2021-03-24 13:24:11'),
(12223, '-1157.30', '2021-01-01', 0, '2021-03-24 13:24:11'),
(12224, '-1157.30', '2021-02-01', 0, '2021-03-24 13:24:11'),
(12225, '3842.70', '2021-03-01', 0, '2021-03-24 13:24:11'),
(12226, '20103.13', '2019-10-01', 8, '2019-10-01 00:00:00');

-- --------------------------------------------------------

--
-- Table structure for table `budget`
--

CREATE TABLE `budget` (
  `Id` int(11) NOT NULL,
  `Name` varchar(255) CHARACTER SET utf8mb4 COLLATE utf8mb4_general_ci NOT NULL,
  `BankAccountId` int(11) NOT NULL,
  `SchoolId` int(11) NOT NULL,
  `CreatedDate` datetime NOT NULL
) ENGINE=InnoDB DEFAULT CHARSET=utf8mb4 COLLATE=utf8mb4_general_ci;

--
-- Dumping data for table `budget`
--

INSERT INTO `budget` (`Id`, `Name`, `BankAccountId`, `SchoolId`, `CreatedDate`) VALUES
(7, 'อาหารกลางวัน', 3, 1057120596, '2020-10-21 00:00:00'),
(8, 'อุดหนุนรายหัว', 3, 1057120596, '2020-10-21 00:00:00'),
(9, 'นักเรียนประจำพักนอน', 2, 1057120596, '2020-10-21 00:00:00'),
(11, 'เงินประกันสัญญา', 1, 1057120596, '2020-11-03 13:45:39'),
(12, 'เรียนฟรี 15 ปี -อุปกรณ์', 2, 1057120596, '2020-11-03 13:45:57'),
(13, 'เรียนฟรี 15 ปี -หนังสือ', 2, 1057120596, '2020-11-03 13:46:11'),
(14, 'เรียนฟรี 15 ปี -เครื่องแบบ', 2, 1057120596, '2020-11-03 13:46:20'),
(15, 'เรียนฟรี 15 ปี -กิจกรรม', 3, 1057120596, '2020-11-03 13:46:32'),
(16, 'กองทุนหมุนเวียนส่งเสริมผลผลิต', 2, 1057120596, '2020-11-03 13:46:37'),
(17, 'รายได้แผ่นดิน', 2, 1057120596, '2020-11-03 13:46:51'),
(19, 'ปัจจัย  พฐ นร ยากจน มัธยม', 2, 1057120596, '2020-11-03 13:47:11'),
(20, 'ปัจจัย  พฐ นร ยากจน ประถม', 2, 1057120596, '2020-11-03 13:47:21'),
(21, 'กสศ', 3, 1057120596, '2020-11-03 13:47:31'),
(22, 'รายได้สถานศึกษา', 2, 1057120596, '2020-11-03 13:47:41');

-- --------------------------------------------------------

--
-- Table structure for table `incomereceipt`
--

CREATE TABLE `incomereceipt` (
  `Id` int(11) NOT NULL,
  `IssueDate` datetime NOT NULL,
  `ReceiveFrom` varchar(255) COLLATE utf8mb4_general_ci NOT NULL,
  `Remark` varchar(255) CHARACTER SET utf8mb4 COLLATE utf8mb4_general_ci DEFAULT NULL,
  `Amount` decimal(10,0) NOT NULL,
  `CreatedDate` datetime NOT NULL
) ENGINE=InnoDB DEFAULT CHARSET=utf8mb4 COLLATE=utf8mb4_general_ci;

--
-- Dumping data for table `incomereceipt`
--

INSERT INTO `incomereceipt` (`Id`, `IssueDate`, `ReceiveFrom`, `Remark`, `Amount`, `CreatedDate`) VALUES
(4, '2021-06-06 00:00:00', 'test', NULL, '6001', '2021-06-06 03:44:32'),
(5, '2021-06-01 00:00:00', 'test', NULL, '500', '2021-06-06 03:48:10');

-- --------------------------------------------------------

--
-- Table structure for table `partner`
--

CREATE TABLE `partner` (
  `Id` int(11) NOT NULL,
  `Name` varchar(255) CHARACTER SET utf8mb4 COLLATE utf8mb4_general_ci DEFAULT NULL,
  `VatNumber` varchar(20) CHARACTER SET utf8mb4 COLLATE utf8mb4_general_ci DEFAULT NULL,
  `Address` varchar(255) CHARACTER SET utf8mb4 COLLATE utf8mb4_general_ci DEFAULT NULL,
  `PartnerType` varchar(255) CHARACTER SET utf8mb4 COLLATE utf8mb4_general_ci DEFAULT NULL,
  `IsInternal` tinyint(1) NOT NULL,
  `CreatedDate` datetime NOT NULL
) ENGINE=InnoDB DEFAULT CHARSET=utf8mb4 COLLATE=utf8mb4_general_ci;

--
-- Dumping data for table `partner`
--

INSERT INTO `partner` (`Id`, `Name`, `VatNumber`, `Address`, `PartnerType`, `IsInternal`, `CreatedDate`) VALUES
(1, 'นายสุริยัน เกกาฤทธิ์', NULL, NULL, 'Normal', 1, '2020-11-24 16:28:48'),
(2, 'นายกฤษฎา จันทร์ประเสริฐ', NULL, NULL, 'Normal', 1, '2020-11-25 14:51:17'),
(3, 'การไฟฟ้าส่วนภูมิภาค', NULL, NULL, 'Normal', 0, '2020-11-25 14:51:33'),
(4, 'นางสาววิภาพร แซ่ว่าง', '8-5715-8412881-1', '19 หมู่ 3 ตำบลแม่จัน อำเภอแม่จัน จังหวัดเชียงราย 57110', 'Person', 0, '2020-11-25 14:51:59'),
(5, 'นางสาวลลิตา แซ่ฟู่', '8571584130823', '567/4 ม.1 ต.เทอดไทย อ.แม่ฟ้าหลวง จ.เชียงราย', 'Person', 0, '2020-11-25 14:52:16'),
(6, 'นายจตุรงค์ เข็ดขาม', '1510600054938', '85 หมู่ 8 ต.แม่คำ อ.แม่จัน จ.เชียงราย ', 'Person', 0, '2020-11-25 14:52:41'),
(7, 'กรมสรรพากร', NULL, NULL, 'Normal', 0, '2020-11-25 14:53:16'),
(8, 'นางสุขใจ สนิทรักษ์', '3509900744578', '127/4 หมู่ 13 ต.รอบเวียง อ.เมืองเชียงราย จ.เชียงราย 570000', 'Person', 0, '2020-11-25 14:53:36'),
(9, 'นางสาวจารุรัตน์  วัฒนทวีวงค์', '8571584003325', '16 ม.6 ต.เทอดไทย อ.แม่ฟ้าหลวง จ.เชียงราย ', 'Person', 0, '2020-11-25 14:53:56'),
(10, 'นางพัชรพร โลหิตกาญจน์', '3570900041684', '444/1 หมู่ 3 ต.แม่จัน อ.แม่จัน จ.เชียงราย 57110', 'Person', 0, '2020-11-25 14:54:21'),
(11, 'นายดวงทิตย์ มัฆวาฬ', '3570101029039', '154 หมู่ 18 ต.ห้วยสัก อ.เมืองเชียงราย จ.เชียงราย', 'Person', 0, '2020-11-25 14:54:44'),
(12, 'บริษัท ทรู วิชั่นส์ กรุ๊ป จำกัด', '0105551056821', '118/1 อาคารทิปโก้ ถนนพระรวม 6 แขวงพญาไท เขตพญาไท กทม. 10400', 'Shop', 0, '2020-11-25 14:55:24'),
(13, 'บริษัท มิวนิคบุ๊คเซ็นเตอร์ จำกัด', '0575541000322', '630 ถนนสิงหไคล ตำบลเวียง อำเภอเมืองเชียงราย จังหวัดเชียงราย 57000', 'Person', 0, '2020-11-25 14:55:49'),
(14, 'นางสาวปัทมา กองล้าน', '3660700164013', '40/1 หมู่ 8 ต.วังโมกข์ อ.วชิรบารมี จ.พิจิตร', 'Person', 0, '2020-11-25 14:56:10'),
(15, 'หจก.เชียงรายเทคโนโปร', '0573539001277', '139/1-2 ม.9 ต.รอบเวียง อ.เมือง จ.เชียงราย 57000', 'Shop', 0, '2020-11-25 14:56:26'),
(16, 'หจก.ไอที โอเอ แอนด์ เซอร์วิส', '0573563001443', '567/4 ม.1 ต.เทอดไทย อ.แม่ฟ้าหลวง จ.เชียงราย', 'Shop', 0, '2020-11-25 14:57:01'),
(17, 'นายพานิตร์ นันตา', '3500900338989', '123 หมู่ 14 ต.สันทราย อ.ฝาง จ.เชียงใหม่ 50110', 'Person', 0, '2020-11-25 14:57:20'),
(18, 'บริษัท ทีโอที จำกัด (มหาชน)', '0107545000161', '89/2 ถนนแจ้งวัฒนะ แขวงทุ่งสองห้อง เขตหลักสี่ กรุงเทพ 10210', 'Shop', 0, '2020-11-25 14:57:42'),
(19, 'เงินอุดหนุนค่าอาหารสำหรับนักเรียนพักนอนโรงเรียนบ้านพญาไพร', NULL, NULL, 'Normal', 0, '2020-11-25 14:58:01'),
(20, 'นายพิชิต ปัญญาวิชัย', '1570700051116', '179 หมู่ 7 ต.แม่จัน อ.แม่จัน จ.เชียงราย 57110', 'Person', 0, '2020-11-25 14:58:22'),
(21, 'บริษัท ทรู อินเตอร์เน็ต คอร์ปอเรชั่น จำกัด', '0105549025026', '18 อาคารทรูทาวเวอร์ ถนนรัชดาภิเษก แขวงห้วยขวาง เขตห้วยขวาง กทม 10310', 'Shop', 0, '2020-11-25 14:59:22'),
(22, 'นายวีระยุทธ เลิศไกรวัล', '3579900247680', '222 หมู่ 17 ตำบลรอบเวียง อำเภอเมืองเชียงราย จังหวัดเชียงราย 57000', 'Person', 0, '2020-11-25 14:59:52');

-- --------------------------------------------------------

--
-- Table structure for table `sao`
--

CREATE TABLE `sao` (
  `sao_id` varchar(10) NOT NULL,
  `sao_type` int(4) DEFAULT NULL,
  `sao_name` varchar(255) DEFAULT NULL
) ENGINE=InnoDB DEFAULT CHARSET=utf8mb4 COLLATE=utf8mb4_general_ci;

--
-- Dumping data for table `sao`
--

INSERT INTO `sao` (`sao_id`, `sao_type`, `sao_name`) VALUES
('00100700', 1, 'สำนักบริหารงานการศึกษาพิเศษ'),
('00101701', 2, 'สพม.เขต 1 (กทม.)'),
('00101702', 2, 'สพม.เขต 2 (กทม.)'),
('00101703', 2, 'สพม.เขต 3 (นนทบุรี-พระนครศรีอยุธยา)'),
('00101704', 2, 'สพม.เขต 4 (ปทุมธานี-สระบุรี)'),
('00101705', 2, 'สพม.เขต 5 (สิงห์บุรี-ลพบุรี-ชัยนาท-อ่างทอง)'),
('00101706', 2, 'สพม.เขต 6 (ฉะเชิงเทรา-สมุทรปราการ)'),
('00101707', 2, 'สพม.เขต 7 (ปราจีนบุรี-นครนายก-สระแก้ว)'),
('00101708', 2, 'สพม.เขต 8 (ราชบุรี-กาญจนบุรี)'),
('00101709', 2, 'สพม.เขต 9 (สุพรรณบุรี-นครปฐม)'),
('00101710', 2, 'สพม.เขต 10 (เพชรบุรี-ประจวบฯ-สมุทรสงคราม-สมุทรสาคร)'),
('00101711', 2, 'สพม.เขต 11 (สุราษฎร์ธานี-ชุมพร)'),
('00101712', 2, 'สพม.เขต 12 (นครศรีธรรมราช-พัทลุง)'),
('00101713', 2, 'สพม.เขต 13 (ตรัง-กระบี่)'),
('00101714', 2, 'สพม.เขต 14 (พังงา-ภูเก็ต-ระนอง)'),
('00101715', 2, 'สพม.เขต 15 (นราธิวาส-ปัตตานี-ยะลา)'),
('00101716', 2, 'สพม.เขต 16 (สงขลา-สตูล)'),
('00101717', 2, 'สพม.เขต 17 (จันทบุรี-ตราด)'),
('00101718', 2, 'สพม.เขต 18 (ชลบุรี-ระยอง)'),
('00101719', 2, 'สพม.เขต 19 (เลย-หนองบัวลําภู)'),
('00101720', 2, 'สพม.เขต 20 (อุดรธานี)'),
('00101721', 2, 'สพม.เขต 21 (หนองคาย-บึงกาฬ)'),
('00101722', 2, 'สพม.เขต 22 (นครพนม-มุกดาหาร)'),
('00101723', 2, 'สพม.เขต 23 (สกลนคร)'),
('00101724', 2, 'สพม.เขต 24 (กาฬสินธุ์)'),
('00101725', 2, 'สพม.เขต 25 (ขอนแก่น)'),
('00101726', 2, 'สพม.เขต 26 (มหาสารคาม)'),
('00101727', 2, 'สพม.เขต 27 (ร้อยเอ็ด)'),
('00101728', 2, 'สพม.เขต 28 (ศรีสะเกษ-ยโสธร)'),
('00101729', 2, 'สพม.เขต 29 (อุบลราชธานี-อํานาจเจริญ)'),
('00101730', 2, 'สพม.เขต 30 (ชัยภูมิ)'),
('00101731', 2, 'สพม.เขต 31 (นครราชสีมา)'),
('00101732', 2, 'สพม.เขต 32 (บุรีรัมย์)'),
('00101733', 2, 'สพม.เขต 33 (สุรินทร์)'),
('00101734', 2, 'สพม.เขต 34 (เชียงใหม่-แม่ฮ่องสอน)'),
('00101735', 2, 'สพม.เขต 35 (ลำปาง-ลำพูน)'),
('00101736', 2, 'สพม.เขต 36 (เชียงราย และพะเยา)'),
('00101737', 2, 'สพม.เขต 37 (แพร่-น่าน)'),
('00101738', 2, 'สพม.เขต 38 (สุโขทัย-ตาก)'),
('00101739', 2, 'สพม.เขต 39 (พิษณุโลก-อุตรดิตถ์)'),
('00101740', 2, 'สพม.เขต 40 (เพชรบูรณ์)'),
('00101741', 2, 'สพม.เขต 41 (กําแพงเพชร-พิจิตร)'),
('00101742', 2, 'สพม.เขต 42 (นครสวรรค์-อุทัยธานี)'),
('10010000', 3, 'สพป.กรุงเทพมหานคร'),
('11010000', 3, 'สพป.สมุทรปราการ เขต 1'),
('11020000', 3, 'สพป.สมุทรปราการ เขต 2'),
('12010000', 3, 'สพป.นนทบุรี เขต 1'),
('12020000', 3, 'สพป.นนทบุรี เขต 2'),
('13010000', 3, 'สพป.ปทุมธานี เขต 1'),
('13020000', 3, 'สพป.ปทุมธานี เขต 2'),
('14010000', 3, 'สพป.พระนครศรีอยุธยา เขต 1'),
('14020000', 3, 'สพป.พระนครศรีอยุธยา เขต 2'),
('15010000', 3, 'สพป.อ่างทอง'),
('16010000', 3, 'สพป.ลพบุรี เขต 1'),
('16020000', 3, 'สพป.ลพบุรี เขต 2'),
('17010000', 3, 'สพป.สิงห์บุรี'),
('18010000', 3, 'สพป.ชัยนาท'),
('19010000', 3, 'สพป.สระบุรี เขต 1'),
('19020000', 3, 'สพป.สระบุรี เขต 2'),
('20010000', 3, 'สพป.ชลบุรี เขต 1'),
('20020000', 3, 'สพป.ชลบุรี เขต 2'),
('20030000', 3, 'สพป.ชลบุรี เขต 3'),
('21010000', 3, 'สพป.ระยอง เขต 1'),
('21020000', 3, 'สพป.ระยอง เขต 2'),
('22010000', 3, 'สพป.จันทบุรี เขต 1'),
('22020000', 3, 'สพป.จันทบุรี เขต 2'),
('23010000', 3, 'สพป.ตราด'),
('24010000', 3, 'สพป.ฉะเชิงเทรา เขต 1'),
('24020000', 3, 'สพป.ฉะเชิงเทรา เขต 2'),
('25010000', 3, 'สพป.ปราจีนบุรี เขต 1'),
('25020000', 3, 'สพป.ปราจีนบุรี เขต 2'),
('26010000', 3, 'สพป.นครนายก'),
('27010000', 3, 'สพป.สระแก้ว เขต 1'),
('27020000', 3, 'สพป.สระแก้ว เขต 2'),
('30010000', 3, 'สพป.นครราชสีมา เขต 1'),
('30020000', 3, 'สพป.นครราชสีมา เขต 2'),
('30030000', 3, 'สพป.นครราชสีมา เขต 3'),
('30040000', 3, 'สพป.นครราชสีมา เขต 4'),
('30050000', 3, 'สพป.นครราชสีมา เขต 5'),
('30060000', 3, 'สพป.นครราชสีมา เขต 6'),
('30070000', 3, 'สพป.นครราชสีมา เขต 7'),
('31010000', 3, 'สพป.บุรีรัมย์ เขต 1'),
('31020000', 3, 'สพป.บุรีรัมย์ เขต 2'),
('31030000', 3, 'สพป.บุรีรัมย์ เขต 3'),
('31040000', 3, 'สพป.บุรีรัมย์ เขต 4'),
('32010000', 3, 'สพป.สุรินทร์ เขต 1'),
('32020000', 3, 'สพป.สุรินทร์ เขต 2'),
('32030000', 3, 'สพป.สุรินทร์ เขต 3'),
('33010000', 3, 'สพป.ศรีสะเกษ เขต 1'),
('33020000', 3, 'สพป.ศรีสะเกษ เขต 2'),
('33030000', 3, 'สพป.ศรีสะเกษ เขต 3'),
('33040000', 3, 'สพป.ศรีสะเกษ เขต 4'),
('34010000', 3, 'สพป.อุบลราชธานี เขต 1'),
('34020000', 3, 'สพป.อุบลราชธานี เขต 2'),
('34030000', 3, 'สพป.อุบลราชธานี เขต 3'),
('34040000', 3, 'สพป.อุบลราชธานี เขต 4'),
('34050000', 3, 'สพป.อุบลราชธานี เขต 5'),
('35010000', 3, 'สพป.ยโสธร เขต 1'),
('35020000', 3, 'สพป.ยโสธร เขต 2'),
('36010000', 3, 'สพป.ชัยภูมิ เขต 1'),
('36020000', 3, 'สพป.ชัยภูมิ เขต 2'),
('36030000', 3, 'สพป.ชัยภูมิ เขต 3'),
('37010000', 3, 'สพป.อำนาจเจริญ'),
('38010000', 3, 'สพป.บึงกาฬ'),
('39010000', 3, 'สพป.หนองบัวลำภู เขต 1'),
('39020000', 3, 'สพป.หนองบัวลำภู เขต 2'),
('40010000', 3, 'สพป.ขอนแก่น เขต 1'),
('40020000', 3, 'สพป.ขอนแก่น เขต 2'),
('40030000', 3, 'สพป.ขอนแก่น เขต 3'),
('40040000', 3, 'สพป.ขอนแก่น เขต 4'),
('40050000', 3, 'สพป.ขอนแก่น เขต 5'),
('41010000', 3, 'สพป.อุดรธานี เขต 1'),
('41020000', 3, 'สพป.อุดรธานี เขต 2'),
('41030000', 3, 'สพป.อุดรธานี เขต 3'),
('41040000', 3, 'สพป.อุดรธานี เขต 4'),
('42010000', 3, 'สพป.เลย เขต 1'),
('42020000', 3, 'สพป.เลย เขต 2'),
('42030000', 3, 'สพป.เลย เขต 3'),
('43010000', 3, 'สพป.หนองคาย เขต 1'),
('43020000', 3, 'สพป.หนองคาย เขต 2'),
('44010000', 3, 'สพป.มหาสารคาม เขต 1'),
('44020000', 3, 'สพป.มหาสารคาม เขต 2'),
('44030000', 3, 'สพป.มหาสารคาม เขต 3'),
('45010000', 3, 'สพป.ร้อยเอ็ด เขต 1'),
('45020000', 3, 'สพป.ร้อยเอ็ด เขต 2'),
('45030000', 3, 'สพป.ร้อยเอ็ด เขต 3'),
('46010000', 3, 'สพป.กาฬสินธุ์ เขต 1'),
('46020000', 3, 'สพป.กาฬสินธุ์ เขต 2'),
('46030000', 3, 'สพป.กาฬสินธุ์ เขต 3'),
('47010000', 3, 'สพป.สกลนคร เขต 1'),
('47020000', 3, 'สพป.สกลนคร เขต 2'),
('47030000', 3, 'สพป.สกลนคร เขต 3'),
('48010000', 3, 'สพป.นครพนม เขต 1'),
('48020000', 3, 'สพป.นครพนม เขต 2'),
('49010000', 3, 'สพป.มุกดาหาร'),
('50010000', 3, 'สพป.เชียงใหม่ เขต 1'),
('50020000', 3, 'สพป.เชียงใหม่ เขต 2'),
('50030000', 3, 'สพป.เชียงใหม่ เขต 3'),
('50040000', 3, 'สพป.เชียงใหม่ เขต 4'),
('50050000', 3, 'สพป.เชียงใหม่ เขต 5'),
('50060000', 3, 'สพป.เชียงใหม่ เขต 6'),
('51010000', 3, 'สพป.ลำพูน เขต 1'),
('51020000', 3, 'สพป.ลำพูน เขต 2'),
('52010000', 3, 'สพป.ลำปาง เขต 1'),
('52020000', 3, 'สพป.ลำปาง เขต 2'),
('52030000', 3, 'สพป.ลำปาง เขต 3'),
('53010000', 3, 'สพป.อุตรดิตถ์ เขต 1'),
('53020000', 3, 'สพป.อุตรดิตถ์ เขต 2'),
('54010000', 3, 'สพป.แพร่ เขต 1'),
('54020000', 3, 'สพป.แพร่ เขต 2'),
('55010000', 3, 'สพป.น่าน เขต 1'),
('55020000', 3, 'สพป.น่าน เขต 2'),
('56010000', 3, 'สพป.พะเยา เขต 1'),
('56020000', 3, 'สพป.พะเยา เขต 2'),
('57010000', 3, 'สพป.เชียงราย เขต 1'),
('57020000', 3, 'สพป.เชียงราย เขต 2'),
('57030000', 3, 'สพป.เชียงราย เขต 3'),
('57040000', 3, 'สพป.เชียงราย เขต 4'),
('58010000', 3, 'สพป.แม่ฮ่องสอน เขต 1'),
('58020000', 3, 'สพป.แม่ฮ่องสอน เขต 2'),
('60010000', 3, 'สพป.นครสวรรค์ เขต 1'),
('60020000', 3, 'สพป.นครสวรรค์ เขต 2'),
('60030000', 3, 'สพป.นครสวรรค์ เขต 3'),
('61010000', 3, 'สพป.อุทัยธานี เขต 1'),
('61020000', 3, 'สพป.อุทัยธานี เขต 2'),
('62010000', 3, 'สพป.กำแพงเพชร เขต 1'),
('62020000', 3, 'สพป.กำแพงเพชร เขต 2'),
('63010000', 3, 'สพป.ตาก เขต 1'),
('63020000', 3, 'สพป.ตาก เขต 2'),
('64010000', 3, 'สพป.สุโขทัย เขต 1'),
('64020000', 3, 'สพป.สุโขทัย เขต 2'),
('65010000', 3, 'สพป.พิษณุโลก เขต 1'),
('65020000', 3, 'สพป.พิษณุโลก เขต 2'),
('65030000', 3, 'สพป.พิษณุโลก เขต 3'),
('66010000', 3, 'สพป.พิจิตร เขต 1'),
('66020000', 3, 'สพป.พิจิตร เขต 2'),
('67010000', 3, 'สพป.เพชรบูรณ์ เขต 1'),
('67020000', 3, 'สพป.เพชรบูรณ์ เขต 2'),
('67030000', 3, 'สพป.เพชรบูรณ์ เขต 3'),
('70010000', 3, 'สพป.ราชบุรี เขต 1'),
('70020000', 3, 'สพป.ราชบุรี เขต 2'),
('71010000', 3, 'สพป.กาญจนบุรี เขต 1'),
('71020000', 3, 'สพป.กาญจนบุรี เขต 2'),
('71030000', 3, 'สพป.กาญจนบุรี เขต 3'),
('71040000', 3, 'สพป.กาญจนบุรี เขต 4'),
('72010000', 3, 'สพป.สุพรรณบุรี เขต 1'),
('72020000', 3, 'สพป.สุพรรณบุรี เขต 2'),
('72030000', 3, 'สพป.สุพรรณบุรี เขต 3'),
('73010000', 3, 'สพป.นครปฐม เขต 1'),
('73020000', 3, 'สพป.นครปฐม เขต 2'),
('74010000', 3, 'สพป.สมุทรสาคร'),
('75010000', 3, 'สพป.สมุทรสงคราม'),
('76010000', 3, 'สพป.เพชรบุรี เขต 1'),
('76020000', 3, 'สพป.เพชรบุรี เขต 2'),
('77010000', 3, 'สพป.ประจวบคีรีขันธ์ เขต 1'),
('77020000', 3, 'สพป.ประจวบคีรีขันธ์ เขต 2'),
('80010000', 3, 'สพป.นครศรีธรรมราช เขต 1'),
('80020000', 3, 'สพป.นครศรีธรรมราช เขต 2'),
('80030000', 3, 'สพป.นครศรีธรรมราช เขต 3'),
('80040000', 3, 'สพป.นครศรีธรรมราช เขต 4'),
('81010000', 3, 'สพป.กระบี่'),
('82010000', 3, 'สพป.พังงา'),
('83010000', 3, 'สพป.ภูเก็ต'),
('84010000', 3, 'สพป.สุราษฎร์ธานี เขต 1'),
('84020000', 3, 'สพป.สุราษฎร์ธานี เขต 2'),
('84030000', 3, 'สพป.สุราษฎร์ธานี เขต 3'),
('85010000', 3, 'สพป.ระนอง'),
('86010000', 3, 'สพป.ชุมพร เขต 1'),
('86020000', 3, 'สพป.ชุมพร เขต 2'),
('90010000', 3, 'สพป.สงขลา เขต 1'),
('90020000', 3, 'สพป.สงขลา เขต 2'),
('90030000', 3, 'สพป.สงขลา เขต 3'),
('91010000', 3, 'สพป.สตูล'),
('92010000', 3, 'สพป.ตรัง เขต 1'),
('92020000', 3, 'สพป.ตรัง เขต 2'),
('93010000', 3, 'สพป.พัทลุง เขต 1'),
('93020000', 3, 'สพป.พัทลุง เขต 2'),
('94010000', 3, 'สพป.ปัตตานี เขต 1'),
('94020000', 3, 'สพป.ปัตตานี เขต 2'),
('94030000', 3, 'สพป.ปัตตานี เขต 3'),
('95010000', 3, 'สพป.ยะลา เขต 1'),
('95020000', 3, 'สพป.ยะลา เขต 2'),
('95030000', 3, 'สพป.ยะลา เขต 3'),
('96010000', 3, 'สพป.นราธิวาส เขต 1'),
('96020000', 3, 'สพป.นราธิวาส เขต 2'),
('96030000', 3, 'สพป.นราธิวาส เขต 3');

-- --------------------------------------------------------

--
-- Table structure for table `school`
--

CREATE TABLE `school` (
  `sc_id` int(10) NOT NULL,
  `smis` int(10) NOT NULL,
  `sc_code` int(10) NOT NULL,
  `sc_name` varchar(100) NOT NULL,
  `areacode` varchar(10) NOT NULL,
  `sc_network` int(11) NOT NULL,
  `aumphur` varchar(50) NOT NULL,
  `province` varchar(100) NOT NULL,
  `spt` varchar(50) NOT NULL,
  `add1` varchar(50) NOT NULL,
  `add2` varchar(50) NOT NULL,
  `tumbol` varchar(50) NOT NULL,
  `p_code` int(11) NOT NULL,
  `tel` varchar(13) NOT NULL,
  `low_class` varchar(10) NOT NULL,
  `top_clsass` varchar(50) NOT NULL,
  `lat` varchar(20) NOT NULL,
  `lng` varchar(20) NOT NULL,
  `VatId` varchar(255) NOT NULL
) ENGINE=InnoDB DEFAULT CHARSET=utf8;

--
-- Dumping data for table `school`
--

INSERT INTO `school` (`sc_id`, `smis`, `sc_code`, `sc_name`, `areacode`, `sc_network`, `aumphur`, `province`, `spt`, `add1`, `add2`, `tumbol`, `p_code`, `tel`, `low_class`, `top_clsass`, `lat`, `lng`, `VatId`) VALUES
(1057120125, 57030075, 120125, 'ราชประชานุเคราะห์ 15(เวียงเก่าแสนภูวิทยาประสาท)', '57030000', 13, 'เชียงแสน', 'เชียงราย', 'สพป.เชียงราย เขต 3', '2', '520 พหลโยธิน', 'เวียง', 57150, '053-777105', 'อ.1', 'ม.6', '20.2751727', '100.086366', ''),
(1057120126, 57030076, 120126, 'บ้านสบรวก', '57030000', 13, 'เชียงแสน', 'เชียงราย', 'สพป.เชียงราย เขต 3', '1', 'None None', 'เวียง', 57150, '053784231', 'อ.2', 'ม.3', '20.3470025', '100.081463', ''),
(1057120128, 57030078, 120128, 'บ้านห้วยเกี๋ยง', '57030000', 13, 'เชียงแสน', 'เชียงราย', 'สพป.เชียงราย เขต 3', '8', '314 0', 'เวียง', 57150, '053650753', 'อ.2', 'ป.6', '20.2887731', '100.0837569', ''),
(1057120129, 57030074, 120129, 'บ้านสบคำ', '57030000', 13, 'เชียงแสน', 'เชียงราย', 'สพป.เชียงราย เขต 3', '5', '364 เชียงแสน-เชียงของ', 'เวียง', 57150, '0895545224', 'อ.2', 'ป.6', '20.2455281', '100.1057444', ''),
(1057120130, 57030070, 120130, 'บ้านดอยจัน', '57030000', 13, 'เชียงแสน', 'เชียงราย', 'สพป.เชียงราย เขต 3', '1', '468 -', 'โยนก', 57150, '053-777237', 'อ.2', 'ป.6', '20.2544918', '100.0699648', ''),
(1057120131, 57030071, 120131, 'โยนกวิทยา', '57030000', 13, 'เชียงแสน', 'เชียงราย', 'สพป.เชียงราย เขต 3', '2', '193 ดอยจัน-ท่าข้าวเปลือก', 'โยนก', 57150, '0947062244', 'อ.2', 'ป.6', '20.2348582', '100.0599031', ''),
(1057120132, 57030072, 120132, 'บ้านทุ่งฟ้าฮ่าม', '57030000', 13, 'เชียงแสน', 'เชียงราย', 'สพป.เชียงราย เขต 3', '5', '187 -', 'โยนก', 57150, '-', 'อ.2', 'ป.6', '20.2344907', '100.0461799', ''),
(1057120133, 57030073, 120133, 'บ้านสันธาตุ', '57030000', 13, 'เชียงแสน', 'เชียงราย', 'สพป.เชียงราย เขต 3', '4', '341 -', 'โยนก', 57150, '050229600', 'อ.2', 'ป.6', '20.2148155', '100.0982691', ''),
(1057120135, 57030080, 120135, 'บ้านเวียงแก้ว', '57030000', 12, 'เชียงแสน', 'เชียงราย', 'สพป.เชียงราย เขต 3', '5', '382 เชียงแสน  แม่สาย', 'ศรีดอนมูล', 57150, '', 'ป.1', 'ม.3', '20.3780411', '100.0275067', ''),
(1057120141, 57030086, 120141, 'บ้านศรีดอนมูล', '57030000', 12, 'เชียงแสน', 'เชียงราย', 'สพป.เชียงราย เขต 3', '9', '189 -', 'ศรีดอนมูล', 57150, '053955779', 'ป.1', 'ม.3', '20.3087166', '99.9899539', ''),
(1057120143, 57030088, 120143, 'บ้านดอยสะโง๊ะ', '57030000', 12, 'เชียงแสน', 'เชียงราย', 'สพป.เชียงราย เขต 3', '7', '226 0', 'ศรีดอนมูล', 57150, '053-160017', 'ป.1', 'ป.6', '20.3479288', '100.0325921', ''),
(1057120145, 57030051, 120145, 'ป่าตึงพิทยานุกูล', '57030000', 14, 'เชียงแสน', 'เชียงราย', 'สพป.เชียงราย เขต 3', '5', '- -', 'บ้านแซว', 57150, '053183066', 'อ.2', 'ม.3', '20.23094', '100.1697341', ''),
(1057120147, 57030053, 120147, 'บ้านสวนดอกท่าขันทองสามัคคี', '57030000', 14, 'เชียงแสน', 'เชียงราย', 'สพป.เชียงราย เขต 3', '8', '81 -', 'บ้านแซว', 57150, '-', 'อ.2', 'ป.6', '20.28747583', '100.1723955', ''),
(1057120150, 57030056, 120150, 'แม่แอบวิทยาคม', '57030000', 14, 'เชียงแสน', 'เชียงราย', 'สพป.เชียงราย เขต 3', '11', '601 -', 'บ้านแซว', 57150, '053196277', 'อ.1', 'ม.3', '20.1918044', '100.2215424', ''),
(1057120151, 57030057, 120151, 'บ้านศรีกองงาม', '57030000', 14, 'เชียงแสน', 'เชียงราย', 'สพป.เชียงราย เขต 3', '10', 'บ้านสันทรายกองงาม -', 'บ้านแซว', 57150, '0903199694', 'อ.1', 'ป.6', '20.2181603', '100.1430655', ''),
(1057120152, 57030058, 120152, 'บ้านป่าไร่หลวงวิทยา(ตชด.ช่างกลปทุมวันอนุสรณ์ 9)', '57030000', 14, 'เชียงแสน', 'เชียงราย', 'สพป.เชียงราย เขต 3', '4', '384 -', 'บ้านแซว', 57150, '053160011', 'อ.2', 'ป.6', '20.1957305', '100.2812788', ''),
(1057120153, 57030059, 120153, 'บ้านปางหมอปวง(ชัยบานราษฎร์ศึกษา)', '57030000', 12, 'เชียงแสน', 'เชียงราย', 'สพป.เชียงราย เขต 3', '7', '222 พหลโยธิน', 'ป่าสัก', 57150, '053955792', 'อ.2', 'ป.6', '20.2820639851', '100.019499063', ''),
(1057120155, 57030061, 120155, 'ชุมชนบ้านป่าสักน้อย', '57030000', 12, 'เชียงแสน', 'เชียงราย', 'สพป.เชียงราย เขต 3', '12', '236 แม่จัน-เชียงแสน', 'ป่าสัก', 57150, '053955401', 'อ.2', 'ม.3', '20.2694021', '99.988652', ''),
(1057120156, 57030062, 120156, 'บ้านแม่คำ(ธรรมาประชาสรรค์)', '57030000', 12, 'เชียงแสน', 'เชียงราย', 'สพป.เชียงราย เขต 3', '1', '132 -', 'ป่าสัก', 57150, '053-955045', 'อ.2', 'ป.6', '20.3036501', '100.0093534', ''),
(1057120158, 57030064, 120158, 'บ้านปงของ(ธรรมราษฎร์นุกูล)', '57030000', 15, 'เชียงแสน', 'เชียงราย', 'สพป.เชียงราย เขต 3', '5', '429 -', 'แม่เงิน', 57150, '0861818210', 'อ.2', 'ป.6', '20.306709', '100.2135465', ''),
(1057120159, 57030065, 120159, 'ชุมชนบ้านป่าคาแม่เงิน', '57030000', 15, 'เชียงแสน', 'เชียงราย', 'สพป.เชียงราย เขต 3', '8', '0 -', 'แม่เงิน', 57150, '053182283', 'อ.1', 'ม.3', '20.3056807', '100.2310298', ''),
(1057120160, 57030066, 120160, 'บ้านแม่คำ', '57030000', 15, 'เชียงแสน', 'เชียงราย', 'สพป.เชียงราย เขต 3', '4', '365 -', 'แม่เงิน', 57150, '053-182422', 'อ.1', 'ป.6', '20.297867', '100.2356024', ''),
(1057120161, 57030067, 120161, 'บ้านไร่', '57030000', 15, 'เชียงแสน', 'เชียงราย', 'สพป.เชียงราย เขต 3', '7', '380 เชียงแสน-เชียงของ', 'แม่เงิน', 57150, '053182403', 'อ.1', 'ป.6', '20.3040050124', '100.258468639', ''),
(1057120162, 57030176, 120162, 'บ้านธารทอง', '57030000', 15, 'เชียงแสน', 'เชียงราย', 'สพป.เชียงราย เขต 3', '11', '68 -', 'แม่เงิน', 57150, '053160013', 'อ.1', 'ป.6', '20.2871009', '100.2591983', ''),
(1057120163, 57030069, 120163, 'บ้านสันต้นเปา', '57030000', 15, 'เชียงแสน', 'เชียงราย', 'สพป.เชียงราย เขต 3', '1', 'None None', 'แม่เงิน', 57150, '086-5866113', 'อ.2', 'ป.6', '20.3404521724', '100.239408016', ''),
(1057120319, 57030040, 120319, 'บ้านแม่จัน(เชียงแสนประชานุสาสน์)', '57030000', 1, 'แม่จัน', 'เชียงราย', 'สพป.เชียงราย เขต 3', '2', '86 นาคพันธ์', 'แม่จัน', 57110, '053772297', 'อ.1', 'ม.3', '20.1464763', '99.8542736', ''),
(1057120321, 57030041, 120321, 'บ้านหนองแว่น', '57030000', 1, 'แม่จัน', 'เชียงราย', 'สพป.เชียงราย เขต 3', '9', '278 แม่จัน-เชียงแสน', 'แม่จัน', 57110, '053660494', 'อ.2', 'ป.6', '20.1435011', '99.8832058', ''),
(1057120322, 57030039, 120322, 'ธรรมจาริกอุปถัมภ์ 1', '57030000', 1, 'แม่จัน', 'เชียงราย', 'สพป.เชียงราย เขต 3', '13', '107 -', 'แม่จัน', 57110, '053918473', 'อ.1', 'ม.3', '20.1434997', '99.8831982', ''),
(1057120323, 57030032, 120323, 'บ้านป่าตึง (วิทยประสาท)', '57030000', 4, 'แม่จัน', 'เชียงราย', 'สพป.เชียงราย เขต 3', '8', '274 -', 'ป่าตึง', 57110, '053771191', 'ป.1', 'ป.6', '20.1348045', '99.8319786', ''),
(1057120324, 57030024, 120324, 'บ้านป่าบงแม่จัน', '57030000', 4, 'แม่จัน', 'เชียงราย', 'สพป.เชียงราย เขต 3', '1', '210 -', 'ป่าตึง', 57110, '053771535', 'อ.2', 'ป.6', '20.1478919', '99.8476336', ''),
(1057120325, 57030025, 120325, 'บ้านสันโค้ง', '57030000', 4, 'แม่จัน', 'เชียงราย', 'สพป.เชียงราย เขต 3', '10', '316 _', 'ป่าตึง', 57110, '053160039', 'อ.1', 'ป.6', '20.1516149074', '99.8241376877', ''),
(1057120326, 57030026, 120326, 'บ้านโป่งน้ำร้อน', '57030000', 4, 'แม่จัน', 'เชียงราย', 'สพป.เชียงราย เขต 3', '11', '251 -', 'ป่าตึง', 57110, '053180040', 'อ.2', 'ม.3', '20.1168649', '99.7935528', ''),
(1057120328, 57030028, 120328, 'ประชารัฐพัฒนา', '57030000', 4, 'แม่จัน', 'เชียงราย', 'สพป.เชียงราย เขต 3', '12', '325 แม่จัน - ฝาง', 'ป่าตึง', 57110, '053180018', 'อ.1', 'ป.6', '20.1127743', '99.7697278', ''),
(1057120329, 57030029, 120329, 'บ้านห้วยมะหินฝน', '57030000', 4, 'แม่จัน', 'เชียงราย', 'สพป.เชียงราย เขต 3', '14', '399 แม่จัน-ฝาง', 'ป่าตึง', 57110, '053918524', 'อ.1', 'ม.3', '20.1081224', '99.7346785', ''),
(1057120330, 57030030, 120330, 'บ้านปางสา', '57030000', 4, 'แม่จัน', 'เชียงราย', 'สพป.เชียงราย เขต 3', '17', '222 แม่จัน - ฝาง', 'ป่าตึง', 57110, '', 'อ.1', 'ป.6', '20.1070413', '99.7030854', ''),
(1057120331, 57030031, 120331, 'บ้านสันติสุข', '57030000', 4, 'แม่จัน', 'เชียงราย', 'สพป.เชียงราย เขต 3', '19', '117 แม่จัน-ฝาง', 'ป่าตึง', 57110, '053-160038', 'อ.1', 'ม.3', '20.1029136', '99.5874112', ''),
(1057120332, 57030023, 120332, 'บ้านรวมใจ', '57030000', 4, 'แม่จัน', 'เชียงราย', 'สพป.เชียงราย เขต 3', '19', '399 -     -', 'ป่าตึง', 57110, '053-160040', 'อ.1', 'ม.3', '20.11867899', '99.59613889', ''),
(1057120333, 57030019, 120333, 'บ้านแม่สลองใน', '57030000', 2, 'แม่จัน', 'เชียงราย', 'สพป.เชียงราย เขต 3', '4', '377 -', 'ป่าซาง', 57110, '053180645', 'ป.1', 'ป.6', '20.2028146', '99.7992859', ''),
(1057120335, 57030046, 120335, 'สันสลีหลวง-สันนายาว', '57030000', 2, 'แม่จัน', 'เชียงราย', 'สพป.เชียงราย เขต 3', '4', '88 -', 'ศรีค้ำ', 57110, '053665835', 'อ.2', 'ม.3', '20.2102743', '99.8380673', ''),
(1057120336, 57030047, 120336, 'อนุบาลศรีค้ำ', '57030000', 2, 'แม่จัน', 'เชียงราย', 'สพป.เชียงราย เขต 3', '10', '297 พหลโยธิน', 'แม่จัน', 57110, '053779113', 'อ.2', 'ป.6', '20.2083329', '99.8568848', ''),
(1057120338, 57030020, 120338, 'นิคมสร้างตนเองสงเคราะห์ชาวเขา', '57030000', 2, 'แม่จัน', 'เชียงราย', 'สพป.เชียงราย เขต 3', '15', '99 -', 'ป่าซาง', 57110, '053918521', 'อ.2', 'ม.3', '20.1812088', '99.7711204', ''),
(1057120339, 57030021, 120339, 'บ้านใหม่สามัคคี', '57030000', 2, 'แม่จัน', 'เชียงราย', 'สพป.เชียงราย เขต 3', '10', '100 -', 'ป่าซาง', 57110, '053602557', 'อ.1', 'ป.6', '20.1856146', '99.8244005', ''),
(1057120340, 57030022, 120340, 'บ้านป่าซาง(ซางดรุณานุสาสน์)', '57030000', 2, 'แม่จัน', 'เชียงราย', 'สพป.เชียงราย เขต 3', '8', '87 พหลโยธิน', 'ป่าซาง', 57110, '053771766', 'อ.1', 'ป.6', '20.1771818', '99.8526302', ''),
(1057120341, 57030018, 120341, 'บ้านแม่คี-หนองอ้อ', '57030000', 2, 'แม่จัน', 'เชียงราย', 'สพป.เชียงราย เขต 3', '7', '213 -', 'ป่าซาง', 57110, '053772316', 'อ.2', 'ป.6', '20.1639971', '99.8581637', ''),
(1057120342, 57030033, 120342, 'บ้านแม่คำ(ประชานุเคราะห์)', '57030000', 3, 'แม่จัน', 'เชียงราย', 'สพป.เชียงราย เขต 3', '8', '1 พหลโยธิน', 'แม่คำ', 57240, '0-5377-9000', 'ป.1', 'ม.3', '20.2308701', '99.8558469', ''),
(1057120343, 57030034, 120343, 'บ้านหนองแหย่ง', '57030000', 3, 'แม่จัน', 'เชียงราย', 'สพป.เชียงราย เขต 3', '7', '130 -', 'แม่คำ', 57240, '053-779509', 'อ.2', 'ป.6', '20.22246423', '99.83383963', ''),
(1057120346, 57030037, 120346, 'บ้านร่องก๊อ-ม่วงคำ', '57030000', 3, 'แม่จัน', 'เชียงราย', 'สพป.เชียงราย เขต 3', '11', '91 -', 'แม่คำ', 57240, '053665892', 'ป.1', 'ม.3', '20.241215', '99.899485', ''),
(1057120347, 57030038, 120347, 'บ้านป่าเปา-ป่าซางน้อย', '57030000', 3, 'แม่จัน', 'เชียงราย', 'สพป.เชียงราย เขต 3', '6', '252 -', 'แม่คำ', 57240, '053918301', 'ป.1', 'ป.6', '20.2402456', '99.8383966', ''),
(1057120348, 57030042, 120348, 'บ้านสันกอง', '57030000', 3, 'แม่จัน', 'เชียงราย', 'สพป.เชียงราย เขต 3', '9', '125 พหลโยธิน', 'แม่ไร่', 57240, '053763125', 'อ.2', 'ป.6', '20.2590034', '99.8543536', ''),
(1057120350, 57030044, 120350, 'บ้านป่ากว๋าว-ดอนชัย', '57030000', 3, 'แม่จัน', 'เชียงราย', 'สพป.เชียงราย เขต 3', '1', '340 พหลโยธิน', 'แม่ไร่', 57240, '0911407387  /', 'อ.2', 'ป.6', '20.248352', '99.854856', ''),
(1057120351, 57030048, 120351, 'สันทราย(พรหมณีวิทยา)', '57030000', 1, 'แม่จัน', 'เชียงราย', 'สพป.เชียงราย เขต 3', '1', '399 แม่จันเชียงแสน', 'สันทราย', 57110, '053153675', 'อ.2', 'ม.3', '20.188177', '99.8905775', ''),
(1057120353, 57030050, 120353, 'บ้านแหลว-นาล้อม', '57030000', 1, 'แม่จัน', 'เชียงราย', 'สพป.เชียงราย เขต 3', '6', '0/89 -', 'สันทราย', 57110, '053653220', 'อ.2', 'ป.6', '20.1629830391', '99.8872869699', ''),
(1057120354, 57030001, 120354, 'อนุบาลจอมสวรรค์(บ้านบ่อก๊าง)', '57030000', 1, 'แม่จัน', 'เชียงราย', 'สพป.เชียงราย เขต 3', '1', '106 -', 'จอมสวรรค์', 57110, '053653476', 'อ.2', 'ป.6', '20.1949981', '99.9029033', ''),
(1057120356, 57030002, 120356, 'บ้านขี้เหล็กดอยดินแดง', '57030000', 1, 'แม่จัน', 'เชียงราย', 'สพป.เชียงราย เขต 3', '4', '233 -', 'จอมสวรรค์', 57110, '', 'อ.1', 'ป.6', '20.1918327', '99.9221675', ''),
(1057120357, 57030010, 120357, 'บ้านกิ่วพร้าว', '57030000', 6, 'แม่จัน', 'เชียงราย', 'สพป.เชียงราย เขต 3', '4', '353 กิ่วพร้าวดอยหลวง', 'จันจว้าใต้', 57270, '053775110', 'อ.1', 'ป.6', '20.2075001', '99.938911', ''),
(1057120358, 57030006, 120358, 'ไทยรัฐวิทยา ๘๖ (บ้านป่าสักหลวง)', '57030000', 6, 'แม่จัน', 'เชียงราย', 'สพป.เชียงราย เขต 3', '2', '3 -', 'จันจว้าใต้', 57270, '053775111', 'อ.2', 'ป.6', '20.2251009837', '99.9488869725', ''),
(1057120360, 57030008, 120360, 'บ้านแม่คำฝั่งหมิ่น', '57030000', 6, 'แม่จัน', 'เชียงราย', 'สพป.เชียงราย เขต 3', '9', '55 -', 'จันจว้าใต้', 57270, '053918027', 'อ.2', 'ป.6', '20.2400527425', '99.9109983444', ''),
(1057120364, 57030009, 120364, 'บ้านป่าบง(หล้าราษฎร์วิทยา)', '57030000', 6, 'แม่จัน', 'เชียงราย', 'สพป.เชียงราย เขต 3', '3', '280 -', 'จันจว้าใต้', 57270, '053664083', 'อ.1', 'ป.6', '20.2301913', '99.956113', ''),
(1057120365, 57030003, 120365, 'บ้านห้วยน้ำราก(ไตรราษฎร์บำรุง)', '57030000', 6, 'แม่จัน', 'เชียงราย', 'สพป.เชียงราย เขต 3', '4', '117 พหลโยธิน', 'จันจว้า', 57270, '053 664636', 'อ.1', 'ม.3', '20.2502566', '99.9747896', ''),
(1057120368, 57030011, 120368, 'บ้านท่าข้าวเปลือก', '57030000', 5, 'แม่จัน', 'เชียงราย', 'สพป.เชียงราย เขต 3', '2', '119 -', 'ท่าข้าวเปลือก', 57110, '053198503', 'อ.2', 'ป.6', '20.1529576', '100.0426909', ''),
(1057120369, 57030014, 120369, 'บ้านแม่หะป่าไร่ศรียางชุม', '57030000', 5, 'แม่จัน', 'เชียงราย', 'สพป.เชียงราย เขต 3', '3', '277 -', 'ท่าข้าวเปลือก', 57110, '053-602709', 'อ.2', 'ป.6', '20.1599442811', '99.9773531968', ''),
(1057120370, 57030015, 120370, 'บ้านแม่แพง', '57030000', 5, 'แม่จัน', 'เชียงราย', 'สพป.เชียงราย เขต 3', '5', '16 -', 'ท่าข้าวเปลือก', 57110, '053918349', 'อ.1', 'ม.3', '20.1090633', '99.9911717', ''),
(1057120372, 57030017, 120372, 'บ้านแม่ลากเนินทอง', '57030000', 5, 'แม่จัน', 'เชียงราย', 'สพป.เชียงราย เขต 3', '6', '124 กิ่วพร้าวดอยหลวง', 'ท่าข้าวเปลือก', 57110, '053602930', 'อ.2', 'ม.3', '20.169057', '100.0117224', ''),
(1057120373, 57030012, 120373, 'บ้านทับกุมารทอง', '57030000', 5, 'แม่จัน', 'เชียงราย', 'สพป.เชียงราย เขต 3', '8', '19 ท่าข้าวเปลือก', 'ท่าข้าวเปลือก', 57110, '053-160360', 'อ.2', 'ป.6', '20.2023745', '100.0623326', ''),
(1057120374, 57030013, 120374, 'ผ่านศึกสงเคราะห์ ๒', '57030000', 5, 'แม่จัน', 'เชียงราย', 'สพป.เชียงราย เขต 3', '10', '399 -', 'ท่าข้าวเปลือก', 57110, '0871832366', 'อ.2', 'ม.3', '20.1739275', '100.0639', ''),
(1057120432, 57030116, 120432, 'บ้านเหมืองแดง', '57030000', 7, 'แม่สาย', 'เชียงราย', 'สพป.เชียงราย เขต 3', '2', '308 เหมืองแดง', 'แม่สาย', 57130, '0-5373-1707', 'อ.2', 'ป.6', '20.4374326', '99.8939536', ''),
(1057120433, 57030112, 120433, 'ชุมชนบ้านไม้ลุงขน มิตรภาพที่ 169', '57030000', 7, 'แม่สาย', 'เชียงราย', 'สพป.เชียงราย เขต 3', '10', '169 ซอยเจ้าพ่อ', 'แม่สาย', 57130, '053731709', 'อ.1', 'ป.6', '20.4395896', '99.8866523', ''),
(1057120434, 57030113, 120434, 'บ้านสันทราย', '57030000', 7, 'แม่สาย', 'เชียงราย', 'สพป.เชียงราย เขต 3', '9', '239 เหมืองแดง', 'แม่สาย', 57130, '053732899', 'อ.2', 'ม.3', '20.4389764', '99.9112204', ''),
(1057120435, 57030114, 120435, 'บ้านสันมะนะ', '57030000', 7, 'แม่สาย', 'เชียงราย', 'สพป.เชียงราย เขต 3', '5', '113 สันมะนะ', 'แม่สาย', 57130, '0', 'อ.1', 'ป.6', '20.4389591718', '99.9244053289', ''),
(1057120436, 57030090, 120436, 'บ้านป่าแดง', '57030000', 8, 'แม่สาย', 'เชียงราย', 'สพป.เชียงราย เขต 3', '11', '184 เหมืองแดง', 'เกาะช้าง', 57130, '053675097', 'อ.2', 'ม.3', '20.4417291', '99.9509444', ''),
(1057120437, 57030091, 120437, 'บ้านศรีป่าแดง', '57030000', 8, 'แม่สาย', 'เชียงราย', 'สพป.เชียงราย เขต 3', '9', '251 -', 'เกาะช้าง', 57130, '053675105', 'อ.2', 'ป.6', '20.4342975', '99.9681337', ''),
(1057120438, 57030092, 120438, 'บ้านม่วงคำ', '57030000', 8, 'แม่สาย', 'เชียงราย', 'สพป.เชียงราย เขต 3', '7', '125 -', 'เกาะช้าง', 57130, '053675117', 'อ.2', 'ป.6', '20.4187752', '99.9793223', ''),
(1057120439, 57030093, 120439, 'บ้านปางห้า', '57030000', 8, 'แม่สาย', 'เชียงราย', 'สพป.เชียงราย เขต 3', '1', '393 เชียงแสน-เหมืองแดง', 'เกาะช้าง', 57130, '053675127', 'อ.2', 'ม.3', '20.4120669', '99.9963614', ''),
(1057120440, 57030094, 120440, 'บ้านสันนา', '57030000', 8, 'แม่สาย', 'เชียงราย', 'สพป.เชียงราย เขต 3', '2', '285 -', 'เกาะช้าง', 57130, '053675520', 'อ.2', 'ป.6', '20.3917789338', '100.005497932', ''),
(1057120441, 57030095, 120441, 'บ้านสันบุญเรือง', '57030000', 8, 'แม่สาย', 'เชียงราย', 'สพป.เชียงราย เขต 3', '3', '2 -', 'เกาะช้าง', 57130, '053675763', 'อ.2', 'ป.6', '20.4054794', '99.955141', ''),
(1057120442, 57030096, 120442, 'บ้านสันหลวง', '57030000', 8, 'แม่สาย', 'เชียงราย', 'สพป.เชียงราย เขต 3', '13', '68 สันหลวง', 'เกาะช้าง', 57130, '053675140', 'อ.2', 'ม.3', '20.4095775', '99.9685973', ''),
(1057120443, 57030097, 120443, 'บ้านเหมืองแดงน้อย', '57030000', 8, 'แม่สาย', 'เชียงราย', 'สพป.เชียงราย เขต 3', '8', '201 -', 'เกาะช้าง', 57130, '', 'อ.2', 'ป.6', '20.426775', '99.9442534', ''),
(1057120444, 57030106, 120444, 'บ้านน้ำจำ', '57030000', 9, 'แม่สาย', 'เชียงราย', 'สพป.เชียงราย เขต 3', '12', '300 พหลโยธิน', 'โป่งผา', 57130, '0888030437', 'อ.2', 'ป.6', '20.3870084', '99.8858256', ''),
(1057120446, 57030109, 120446, 'บ้านป่าแฝ-หนองอ้อ-สันทรายมูล', '57030000', 9, 'แม่สาย', 'เชียงราย', 'สพป.เชียงราย เขต 3', '3', '18 -', 'โป่งผา', 57130, '053646552', 'อ.2', 'ป.6', '20.3574884', '99.9006657', ''),
(1057120447, 57030110, 120447, 'บ้านสันทราย(ราษฎร์สามัคคี)', '57030000', 9, 'แม่สาย', 'เชียงราย', 'สพป.เชียงราย เขต 3', '4', '200 -', 'โป่งผา', 57130, '053709608', 'อ.2', 'ป.6', '20.3474256', '99.8799854', ''),
(1057120449, 57030101, 120449, 'บ้านถ้ำ', '57030000', 10, 'แม่สาย', 'เชียงราย', 'สพป.เชียงราย เขต 3', '12', '339 พหลโยธิน', 'โป่งงาม', 57130, '053-709609', 'อ.2', 'ป.6', '20.32740242', '99.88275966', ''),
(1057120450, 57030102, 120450, 'บ้านโป่ง', '57030000', 10, 'แม่สาย', 'เชียงราย', 'สพป.เชียงราย เขต 3', '8', '198 พหลโยธิน', 'โป่งงาม', 57130, '053709107', 'อ.2', 'ป.6', '20.31267146', '99.88145533', ''),
(1057120451, 57030103, 120451, 'บ้านถ้ำ ตชด.', '57030000', 10, 'แม่สาย', 'เชียงราย', 'สพป.เชียงราย เขต 3', '5', '61 -', 'โป่งงาม', 57130, '053709555', 'อ.2', 'ป.6', '20.3278772', '99.8665163', ''),
(1057120452, 57030104, 120452, 'บ้านถ้ำปลา', '57030000', 10, 'แม่สาย', 'เชียงราย', 'สพป.เชียงราย เขต 3', '3', '359 -', 'โป่งงาม', 57130, '053-709588', 'อ.2', 'ป.6', '20.3223856', '99.876004', ''),
(1057120453, 57030107, 120453, 'บ้านจ้อง', '57030000', 9, 'แม่สาย', 'เชียงราย', 'สพป.เชียงราย เขต 3', '1', '86 หพลโยธิน', 'โป่งผา', 57130, '052-021868', 'อ.2', 'ป.6', '20.3687315275', '99.8847044975', ''),
(1057120454, 57030121, 120454, 'บ้านสันถนน', '57030000', 9, 'แม่สาย', 'เชียงราย', 'สพป.เชียงราย เขต 3', '1', '17 แม่สาย-สามเหลี่ยมทองคำ', 'ศรีเมืองชุม', 57130, '053668031', 'อ.2', 'ม.3', '20.3826949', '99.9527642', ''),
(1057120457, 57030124, 120457, 'บ้านสันโค้ง', '57030000', 9, 'แม่สาย', 'เชียงราย', 'สพป.เชียงราย เขต 3', '3', 'เลขที่ 7 -', 'ศรีเมืองชุม', 57130, '0918524055', 'อ.2', 'ป.6', '20.371132', '99.925824', ''),
(1057120458, 57030125, 120458, 'บ้านห้วยไคร้', '57030000', 10, 'แม่สาย', 'เชียงราย', 'สพป.เชียงราย เขต 3', '1', '365 -', 'ห้วยไคร้', 57220, '053763010', 'อ.2', 'ม.3', '20.27652', '99.8617822', ''),
(1057120460, 57030127, 120460, 'บ้านฮ่องแฮ่', '57030000', 10, 'แม่สาย', 'เชียงราย', 'สพป.เชียงราย เขต 3', '4', '164 -', 'ห้วยไคร้', 57220, '053763047', 'ป.1', 'ป.6', '20.2608442', '99.8890517', ''),
(1057120463, 57030100, 120463, 'บ้านด้ายเทพกาญจนาอุปถัมภ์', '57030000', 10, 'แม่สาย', 'เชียงราย', 'สพป.เชียงราย เขต 3', '1', '21/3 -', 'บ้านด้าย', 57220, '053785012', 'อ.2', 'ม.6', '20.292248', '99.9464857', ''),
(1057120464, 57030120, 120464, 'อนุบาลแม่สาย(สายศิลปศาสตร์)', '57030000', 7, 'แม่สาย', 'เชียงราย', 'สพป.เชียงราย เขต 3', '1', '931 -', 'เวียงพางคำ', 57130, '053-731755', 'อ.2', 'ป.6', '20.4349792', '99.8816906', ''),
(1057120465, 57030118, 120465, 'บ้านเวียงพาน', '57030000', 7, 'แม่สาย', 'เชียงราย', 'สพป.เชียงราย เขต 3', '3', '33 ซอยเทศบาล 13', 'เวียงพางคำ', 57130, '053-733626', 'อ.1', 'ม.3', '20.43339263', '99.88000927', ''),
(1057120466, 57030115, 120466, 'บ้านป่ายาง', '57030000', 7, 'แม่สาย', 'เชียงราย', 'สพป.เชียงราย เขต 3', '6', '20 -', 'แม่สาย', 57130, '053731759', 'อ.2', 'ม.3', '20.4232893', '99.8906872', ''),
(1057120467, 57030119, 120467, 'บ้านป่าเหมือด', '57030000', 7, 'แม่สาย', 'เชียงราย', 'สพป.เชียงราย เขต 3', '8', '322 พหลโยธิน', 'เวียงพางคำ', 57130, '053731766', 'อ.2', 'ม.3', '20.4123048', '99.8864853', ''),
(1057120468, 57030117, 120468, 'เจ้าพ่อหลวงอุปถัมภ์ ๕', '57030000', 11, 'แม่สาย', 'เชียงราย', 'สพป.เชียงราย เขต 3', '6', '45 -', 'เวียงพางคำ', 57130, '053-160078', 'อ.2', 'ป.6', '20.3988209', '99.8518116', ''),
(1057120469, 57030105, 120469, 'บ้านผาฮี้', '57030000', 11, 'แม่สาย', 'เชียงราย', 'สพป.เชียงราย เขต 3', '10', '17 -', 'โป่งงาม', 57130, '052-209364', 'อ.2', 'ป.6', '20.4379111598', '99.8731684685', ''),
(1057120591, 57030143, 120591, 'บ้านห้วยไร่สามัคคี', '57030000', 11, 'แม่ฟ้าหลวง', 'เชียงราย', 'สพป.เชียงราย เขต 3', '2', '111 -', 'แม่ฟ้าหลวง', 57240, '053-763383', 'อ.1', 'ม.6', '20.2703127', '99.8286606', ''),
(1057120592, 57030144, 120592, 'อนุบาลแม่ฟ้าหลวง', '57030000', 11, 'แม่ฟ้าหลวง', 'เชียงราย', 'สพป.เชียงราย เขต 3', '6', '33 สันกอง - ดอยตุง', 'แม่ฟ้าหลวง', 57240, '053-767157', 'อ.1', 'ม.3', '20.298817', '99.8147389', ''),
(1057120593, 57030141, 120593, 'บ้านขาแหย่งพัฒนา', '57030000', 11, 'แม่ฟ้าหลวง', 'เชียงราย', 'สพป.เชียงราย เขต 3', '5', '111 -', 'แม่ฟ้าหลวง', 57240, '053767112', 'อ.1', 'ป.6', '20.2739763', '99.8021972', ''),
(1057120594, 57030142, 120594, 'บ้านป่าซางนาเงิน', '57030000', 11, 'แม่ฟ้าหลวง', 'เชียงราย', 'สพป.เชียงราย เขต 3', '12', '111 -', 'แม่ฟ้าหลวง', 57240, '053160178', 'อ.2', 'ม.3', '20.3331331', '99.7327846', ''),
(1057120595, 57030128, 120595, 'บ้านเทอดไทย', '57030000', 16, 'แม่ฟ้าหลวง', 'เชียงราย', 'สพป.เชียงราย เขต 3', '1', '1 -', 'เทอดไทย', 57240, '053730264', 'อ.2', 'ม.6', '20.2414973', '99.6622397', ''),
(1057120596, 57030129, 120596, 'บ้านพญาไพร', '57030000', 16, 'แม่ฟ้าหลวง', 'เชียงราย', 'สพป.เชียงราย เขต 3', '6', '111 -', 'เทอดไทย', 57240, '087-1939121', 'ม.1', 'ม.3', '20.321703', '99.6192521', '664000675178'),
(1057120597, 57030130, 120597, 'บ้านแม่หม้อ', '57030000', 16, 'แม่ฟ้าหลวง', 'เชียงราย', 'สพป.เชียงราย เขต 3', '7', '111 -', 'เทอดไทย', 57240, '', 'อ.3', 'ม.3', '20.3276201', '99.6340573', ''),
(1057120598, 57030131, 120598, 'พญาไพรไตรมิตร', '57030000', 16, 'แม่ฟ้าหลวง', 'เชียงราย', 'สพป.เชียงราย เขต 3', '5', '111 -', 'เทอดไทย', 57240, '', 'อ.2', 'ม.3', '20.3285509399', '99.6142172813', ''),
(1057120599, 57030132, 120599, 'บ้านจะตี', '57030000', 16, 'แม่ฟ้าหลวง', 'เชียงราย', 'สพป.เชียงราย เขต 3', '16', '111 -', 'เทอดไทย', 57240, '052-029312', 'อ.2', 'ม.3', '20.29221833', '99.70768333', ''),
(1057120600, 57030133, 120600, 'รัฐราษฎร์วิทยา', '57030000', 17, 'แม่ฟ้าหลวง', 'เชียงราย', 'สพป.เชียงราย เขต 3', '14', '- -', 'เทอดไทย', 57240, '053-160054', 'อ.2', 'ม.3', '20.2765784', '99.5934984', ''),
(1057120601, 57030134, 120601, 'สามัคคีพัฒนา', '57030000', 16, 'แม่ฟ้าหลวง', 'เชียงราย', 'สพป.เชียงราย เขต 3', '9', '111 -', 'เทอดไทย', 57240, '053160043', 'อ.2', 'ม.3', '20.3386226', '99.5211662', ''),
(1057120602, 57030135, 120602, 'บ้านปางมะหัน', '57030000', 16, 'แม่ฟ้าหลวง', 'เชียงราย', 'สพป.เชียงราย เขต 3', '8', '111 -', 'เทอดไทย', 57240, '053160037', 'อ.2', 'ป.6', '20.32607333', '99.545825', ''),
(1057120603, 57030136, 120603, 'บ้านห้วยอื้น', '57030000', 16, 'แม่ฟ้าหลวง', 'เชียงราย', 'สพป.เชียงราย เขต 3', '10', '111 -', 'เทอดไทย', 57240, '0-5202-9317', 'อ.2', 'ป.6', '20.2682416', '99.6497236', ''),
(1057120604, 57030174, 120604, 'บ้านห้วยหก', '57030000', 17, 'แม่ฟ้าหลวง', 'เชียงราย', 'สพป.เชียงราย เขต 3', '10', '25 -', 'แม่สลองใน', 57110, '053160057', 'อ.2', 'ป.6', '20.2146248', '99.6155197', ''),
(1057120605, 57030175, 120605, 'บ้านห้วยหยวกป่าโซ', '57030000', 17, 'แม่ฟ้าหลวง', 'เชียงราย', 'สพป.เชียงราย เขต 3', '9', '- -', 'แม่สลองใน', 57110, '053602856', 'อ.2', 'ป.6', '20.2521079', '99.5815245', ''),
(1057120606, 57030139, 120606, 'บ้านผาจี', '57030000', 16, 'แม่ฟ้าหลวง', 'เชียงราย', 'สพป.เชียงราย เขต 3', '15', '111 -', 'เทอดไทย', 57240, '053-160046', 'อ.3', 'ป.6', '20.3002004', '99.6597316', ''),
(1057120607, 57030155, 120607, 'บ้านห้วยผึ้ง', '57030000', 17, 'แม่ฟ้าหลวง', 'เชียงราย', 'สพป.เชียงราย เขต 3', '2', '675 -', 'แม่สลองใน', 57110, '053730263', 'อ.2', 'ม.6', '20.2311944', '99.6742138', ''),
(1057120608, 57030151, 120608, 'บ้านมนตรีวิทยา', '57030000', 17, 'แม่ฟ้าหลวง', 'เชียงราย', 'สพป.เชียงราย เขต 3', '5', '111 -', 'แม่สลองใน', 57110, '053160025', 'อ.2', 'ม.3', '20.2285523', '99.6951872', ''),
(1057120609, 57030152, 120609, 'ชุมชนศึกษา(บ้านแม่สะแลป)', '57030000', 17, 'แม่ฟ้าหลวง', 'เชียงราย', 'สพป.เชียงราย เขต 3', '19', '111 -', 'แม่ฟ้าหลวง', 57110, '-', 'อ.2', 'ม.3', '20.1806197523', '99.7066354752', ''),
(1057120610, 57030153, 120610, 'บ้านผาเดื่อ', '57030000', 17, 'แม่ฟ้าหลวง', 'เชียงราย', 'สพป.เชียงราย เขต 3', '6', '111 -', 'แม่สลองใน', 57110, '053918092', 'อ.2', 'ป.6', '20.1714327', '99.7435768', ''),
(1057120611, 57030154, 120611, 'ดอยแสนใจ(ตชด.อนุสรณ์)', '57030000', 17, 'แม่ฟ้าหลวง', 'เชียงราย', 'สพป.เชียงราย เขต 3', '22', '111 -', 'แม่สลองใน', 57110, '0631358730', 'อ.1', 'ม.3', '20.237476', '99.771725', ''),
(1057120612, 57030145, 120612, 'บ้านสันติคีรี', '57030000', 18, 'แม่ฟ้าหลวง', 'เชียงราย', 'สพป.เชียงราย เขต 3', '1', '88 -', 'แม่สลองนอก', 57110, '053765250', 'อ.1', 'ป.6', '20.1580863', '99.6245322', ''),
(1057120613, 57030146, 120613, 'บ้านใหม่สันติ', '57030000', 18, 'แม่ฟ้าหลวง', 'เชียงราย', 'สพป.เชียงราย เขต 3', '12', '111 -', 'แม่สลองนอก', 57110, '053765051', 'อ.2', 'ป.6', '20.171893', '99.6445371', ''),
(1057120614, 57030147, 120614, 'บ้านกลาง', '57030000', 18, 'แม่ฟ้าหลวง', 'เชียงราย', 'สพป.เชียงราย เขต 3', '6', '16 -', 'แม่สลองนอก', 57110, '053918164', 'อ.2', 'ม.3', '20.1566458', '99.6561498', ''),
(1057120615, 57030148, 120615, 'บ้านพนาสวรรค์', '57030000', 18, 'แม่ฟ้าหลวง', 'เชียงราย', 'สพป.เชียงราย เขต 3', '9', '99 -', 'แม่สลองนอก', 57110, '053918587', 'ป.1', 'ป.6', '20.1441110404', '99.6454811096', ''),
(1057120616, 57030149, 120616, 'ราษฎร์พัฒนา', '57030000', 18, 'แม่ฟ้าหลวง', 'เชียงราย', 'สพป.เชียงราย เขต 3', '7', '111 -', 'แม่สลองนอก', 57110, '09-56819111', 'ป.1', 'ป.6', '20.13206949', '99.68310158', ''),
(1057120617, 57030150, 120617, 'บ้านแม่เต๋อ', '57030000', 18, 'แม่ฟ้าหลวง', 'เชียงราย', 'สพป.เชียงราย เขต 3', '10', '111 -', 'แม่สลองนอก', 57110, '', 'อ.2', 'ป.6', '20.1404378', '99.5977781', ''),
(1057120669, 57030164, 120669, 'อนุบาลดอยหลวง', '57030000', 19, 'ดอยหลวง', 'เชียงราย', 'สพป.เชียงราย เขต 3', '2', '16 -', 'ปงน้อย', 57110, '053790124', 'อ.1', 'ป.6', '20.1120614', '100.0938799', ''),
(1057120670, 57030165, 120670, 'บ้านป่าลัน', '57030000', 19, 'ดอยหลวง', 'เชียงราย', 'สพป.เชียงราย เขต 3', '5', '154 -', 'ปงน้อย', 57110, '871744091', 'อ.1', 'ป.6', '20.0876481', '100.0658985', ''),
(1057120671, 57030166, 120671, 'บ้านห้วยไร่', '57030000', 19, 'ดอยหลวง', 'เชียงราย', 'สพป.เชียงราย เขต 3', '1', '187 -', 'ปงน้อย', 57110, '053790035', 'อ.1', 'ม.1', '20.1063542', '100.0739361', ''),
(1057120672, 57030167, 120672, 'ผ่านศึกสงเคราะห์ ๑', '57030000', 19, 'ดอยหลวง', 'เชียงราย', 'สพป.เชียงราย เขต 3', '11', '94 -', 'ปงน้อย', 57110, '053790111', 'อ.2', 'ป.6', '20.138333', '100.067395', ''),
(1057120674, 57030168, 120674, 'บ้านไทรทอง', '57030000', 19, 'ดอยหลวง', 'เชียงราย', 'สพป.เชียงราย เขต 3', '6', '0 กิ่วพร้าว - เชียงของ', 'ปงน้อย', 57110, '0885484733', 'อ.2', 'ป.6', '20.1234096', '100.0474239', ''),
(1057120676, 57030170, 120676, 'บ้านหนองป่าก่อ', '57030000', 19, 'ดอยหลวง', 'เชียงราย', 'สพป.เชียงราย เขต 3', '3', '249 -', 'หนองป่าก่อ', 57110, '0816715114', 'อ.2', 'ป.6', '20.1720653', '100.1147461', ''),
(1057120678, 57030172, 120678, 'บ้านใหม่พัฒนา', '57030000', 19, 'ดอยหลวง', 'เชียงราย', 'สพป.เชียงราย เขต 3', '6', '15 -', 'หนองป่าก่อ', 57110, '081-9509215', 'อ.2', 'ม.3', '20.199047', '100.137474', ''),
(1057120679, 57030173, 120679, 'บ้านป่าซางงาม', '57030000', 19, 'ดอยหลวง', 'เชียงราย', 'สพป.เชียงราย เขต 3', '2', '- -', 'หนองป่าก่อ', 57110, '052029246', 'อ.2', 'ป.6', '20.1600686', '100.123734', ''),
(1057120681, 57030156, 120681, 'อนุบาลโชคชัย(บ้านแม่เลียบแม่บง)', '57030000', 19, 'ดอยหลวง', 'เชียงราย', 'สพป.เชียงราย เขต 3', '2', 'ต.โชคชัย -', 'โชคชัย', 57110, '053173106', 'อ.2', 'ม.3', '20.1064174', '100.1608752', ''),
(1057120683, 57030158, 120683, 'บ้านทุ่งกวาง', '57030000', 19, 'ดอยหลวง', 'เชียงราย', 'สพป.เชียงราย เขต 3', '1', '0 0', 'โชคชัย', 57110, '053790038', 'อ.2', 'ป.6', '20.1219167716', '100.121448807', ''),
(1057120684, 57030159, 120684, 'บ้านดอย', '57030000', 19, 'ดอยหลวง', 'เชียงราย', 'สพป.เชียงราย เขต 3', '3', '171 -', 'โชคชัย', 57110, '0819502934', 'อ.2', 'ป.6', '20.1324868891', '100.118487136', ''),
(1057120685, 57030160, 120685, 'บ้านดอนงาม', '57030000', 19, 'ดอยหลวง', 'เชียงราย', 'สพป.เชียงราย เขต 3', '4', '- -', 'โชคชัย', 57110, '053-173076', 'อ.2', 'ป.6', '20.1291754', '100.1873725', ''),
(1057120686, 57030161, 120686, 'บ้านขุนแม่บง ตชด.', '57030000', 19, 'ดอยหลวง', 'เชียงราย', 'สพป.เชียงราย เขต 3', '9', '- -', 'โชคชัย', 57110, '053160006', 'อ.2', 'ม.3', '20.1627521', '100.2094218', ''),
(1057120737, 57030178, 120737, 'ตำรวจตระเวนชายแดน บ้านนาโต่ (วปรอ.344 อุปถัมภ์)', '57030000', 17, 'แม่ฟ้าหลวง', 'เชียงราย', 'สพป.เชียงราย เขต 3', '20', '111 -', 'แม่สลองใน', 57110, '053162044', 'อ.3', 'ป.6', '20.294763755', '99.5634698868', ''),
(1057120738, 57030179, 120738, 'ตำรวจตะเวนชายแดน เจ้าพ่อหลวงอุปถัมภ์ 3 (ช่างกลปทุมวันอนุสรณ์ 4)', '57030000', 17, 'แม่ฟ้าหลวง', 'เชียงราย', 'สพป.เชียงราย เขต 3', '1', '9 -', 'แม่สลองใน', 57240, '053-730075', 'อ.2', 'ป.6', '20.2502494785', '99.6483865365', ''),
(1057120739, 57030180, 120739, 'ตำรวจตระเวนชายแดนศรีสมวงศ์', '57030000', 11, 'แม่ฟ้าหลวง', 'เชียงราย', 'สพป.เชียงราย เขต 3', '11', 'บ้านสามัคคีเก่า -', 'แม่ฟ้าหลวง', 57240, '053162313', 'อ.2', 'ป.6', '20.2634915', '99.7394417', ''),
(1057120740, 57030181, 120740, 'ตำรวจตะเวนชายแดนบำรุงที่ 87', '57030000', 16, 'แม่ฟ้าหลวง', 'เชียงราย', 'สพป.เชียงราย เขต 3', '3', '167 -', 'เทอดไทย', 57240, '0884338767', 'อ.1', 'ป.6', '20.24968887', '99.67717582', '');

-- --------------------------------------------------------

--
-- Table structure for table `schoolyear`
--

CREATE TABLE `schoolyear` (
  `Id` int(11) NOT NULL,
  `Year` varchar(4) CHARACTER SET utf8mb4 COLLATE utf8mb4_general_ci NOT NULL,
  `StartDate` date NOT NULL,
  `SchoolId` int(11) NOT NULL,
  `CreatedDate` datetime NOT NULL
) ENGINE=InnoDB DEFAULT CHARSET=utf8mb4 COLLATE=utf8mb4_general_ci;

--
-- Dumping data for table `schoolyear`
--

INSERT INTO `schoolyear` (`Id`, `Year`, `StartDate`, `SchoolId`, `CreatedDate`) VALUES
(1, '2563', '2019-01-10', 1057120596, '2020-12-12 07:46:46');

-- --------------------------------------------------------

--
-- Table structure for table `transaction`
--

CREATE TABLE `transaction` (
  `Id` int(11) NOT NULL,
  `IssueDate` datetime NOT NULL,
  `DuplicatePaymentType` varchar(255) CHARACTER SET utf8mb4 COLLATE utf8mb4_general_ci DEFAULT NULL,
  `DuplicatePaymentNumber` varchar(255) CHARACTER SET utf8mb4 COLLATE utf8mb4_general_ci DEFAULT NULL,
  `DuplicatePaymentCount` int(11) DEFAULT NULL,
  `DuplicatePaymentYear` varchar(255) CHARACTER SET utf8mb4 COLLATE utf8mb4_general_ci DEFAULT NULL,
  `Title` varchar(255) CHARACTER SET utf8mb4 COLLATE utf8mb4_general_ci NOT NULL,
  `Remark` varchar(255) CHARACTER SET utf8mb4 COLLATE utf8mb4_general_ci DEFAULT NULL,
  `PartnerId` int(11) DEFAULT NULL,
  `Amount` decimal(10,2) NOT NULL,
  `PaymentType` varchar(255) CHARACTER SET utf8mb4 COLLATE utf8mb4_general_ci DEFAULT NULL,
  `VatInclude` decimal(10,2) DEFAULT NULL,
  `ProductType` varchar(255) CHARACTER SET utf8mb4 COLLATE utf8mb4_general_ci DEFAULT NULL,
  `BudgetId` int(11) NOT NULL,
  `SchoolId` int(11) NOT NULL,
  `IncomeReceiptId` int(11) NOT NULL,
  `CreatedDate` datetime DEFAULT NULL
) ENGINE=InnoDB DEFAULT CHARSET=utf8mb4 COLLATE=utf8mb4_general_ci;

--
-- Dumping data for table `transaction`
--

INSERT INTO `transaction` (`Id`, `IssueDate`, `DuplicatePaymentType`, `DuplicatePaymentNumber`, `DuplicatePaymentCount`, `DuplicatePaymentYear`, `Title`, `Remark`, `PartnerId`, `Amount`, `PaymentType`, `VatInclude`, `ProductType`, `BudgetId`, `SchoolId`, `IncomeReceiptId`, `CreatedDate`) VALUES
(21, '2019-10-09 00:00:00', 'บค.', '1', 1, '2563', 'คืนเงินคงเหลือจากงบประมาณปี 2562', NULL, NULL, '-29720.00', 'DuplicatePayment', NULL, '', 7, 1057120596, 0, '2020-11-09 15:46:30'),
(22, '2019-11-01 00:00:00', 'บร.', '17ก63220/2', 1, NULL, 'รับเงินอุดหนุนค่าอาหารกลางวันนักเรียน จำนวน 445 คน ไตรมาสที่ 1', NULL, NULL, '445000.00', NULL, NULL, '', 7, 1057120596, 0, '2020-11-09 15:49:11'),
(23, '2019-11-01 22:49:00', 'บค.', '3', 2, '2563', 'จ่ายค่าอาหารกลางวันนักเรียน 6 วัน', NULL, NULL, '-53400.00', 'Debtor', NULL, '', 7, 1057120596, 0, '2020-11-09 15:50:02'),
(24, '2019-11-07 22:50:00', 'บค.', '8', 2, '2563', 'จ่ายค่าอาหารกลางวันนักเรียน 10 วัน', NULL, NULL, '-89000.00', 'DuplicatePayment', NULL, '', 7, 1057120596, 0, '2020-11-09 15:51:25'),
(25, '2019-11-22 22:58:00', 'บค.', '16', 2, '2563', 'จ่ายค่าอาหารกลางวันนักเรียน 9 วัน', NULL, NULL, '-80100.00', 'DuplicatePayment', NULL, '', 7, 1057120596, 0, '2020-11-09 15:58:55'),
(26, '2019-12-06 00:00:00', 'บค.', '24', 1, '2563', 'จ่ายค่าอาหารกลางวันนักเรียน 9 วัน', NULL, NULL, '-80100.00', 'DuplicatePayment', NULL, '', 7, 1057120596, 0, '2020-11-09 15:59:43'),
(27, '2019-12-20 00:00:00', 'บค.', '30', 2, '2563', 'จ่ายค่าอาหารกลางวันนักเรียน 7 วัน', NULL, NULL, '-62300.00', 'DuplicatePayment', NULL, '', 7, 1057120596, 0, '2020-11-09 16:00:18'),
(28, '2020-01-03 00:00:00', 'บค.', '35', 1, '2563', 'จ่ายค่าอาหารกลางวันนักเรียน 9 วัน', NULL, NULL, '-80100.00', 'DuplicatePayment', NULL, '', 7, 1057120596, 0, '2020-11-10 15:49:26'),
(29, '2020-01-17 22:50:00', '', NULL, NULL, NULL, 'รับเงินอุดหนุนค่าอาหารกลางวันไตรมาส 2', NULL, NULL, '445000.00', NULL, NULL, '', 7, 1057120596, 0, '2020-11-10 15:50:19'),
(30, '2020-01-17 00:00:00', 'บค.', '43', 2, '2563', 'จ่ายอาหารกลางวัน 10 วัน', NULL, NULL, '-89000.00', 'DuplicatePayment', NULL, '', 7, 1057120596, 0, '2020-11-10 15:53:20'),
(31, '2020-01-31 00:00:00', 'บค.', '52', 2, '2563', 'จ่ายค่าอาหารกลางวันนักเรียน 9 วัน', NULL, NULL, '-80100.00', 'DuplicatePayment', NULL, '', 7, 1057120596, 0, '2020-11-10 15:53:43'),
(36, '2019-10-25 00:00:00', '', NULL, NULL, NULL, 'รับเงินอุดหนุนค่าจ้างบุคลากร เจ้าหน้าที่ทรูปลูกปัญญา', NULL, NULL, '46200.00', NULL, NULL, '', 8, 1057120596, 0, '2020-11-28 16:20:28'),
(37, '2019-10-28 00:00:00', 'บค.', '2', 1, '2563', 'จ่ายเงินเดือนเจ้าหน้าที่ทรูปลูกปัญญา เดือน ตุลาคม 2562', NULL, 1, '-15400.00', 'DuplicatePayment', NULL, '', 8, 1057120596, 0, '2020-11-28 16:21:47'),
(38, '2019-11-07 00:00:00', '', NULL, NULL, NULL, 'รับเงินอุดหนุน 70% 2/2562 ค่าจัดการเรียนการสอน', NULL, NULL, '426600.00', NULL, NULL, '', 8, 1057120596, 0, '2020-11-28 17:11:46'),
(39, '2019-11-06 00:00:00', NULL, NULL, NULL, NULL, 'คืนเงินยืมประเภท กิจกรรมพัฒนาผู้เรียน', NULL, NULL, '-100000.00', 'DuplicatePayment', NULL, '', 8, 1057120596, 0, '2020-11-28 17:16:12'),
(40, '2019-11-07 00:00:00', 'บค.', '5', 1, '2563', 'เงินยืมค่าอาหารนักเรียนพักนอน 50 วัน 2/2562', NULL, 2, '-56000.00', 'Debtor', NULL, '', 8, 1057120596, 0, '2020-11-28 17:17:02'),
(41, '2019-11-15 00:00:00', 'บค.', '10', 1, '2563', 'ค่าเดินทางไปราชการ การแข่งขันทักษะวิชาการ เขต14,880.- ,ครูภานุมาศ 3,568 ,ครูสุริยัน 3,012', NULL, 2, '-21460.00', 'DuplicatePayment', NULL, '', 8, 1057120596, 0, '2020-11-28 17:17:42'),
(42, '2019-11-15 00:00:00', 'บจ.', '12', 1, '2563', 'ค่าไฟฟ้า เดือน ตุลาคม 2562', NULL, 3, '-12633.78', 'DuplicatePayment', NULL, '', 8, 1057120596, 0, '2020-11-28 17:18:30'),
(43, '2019-11-21 00:00:00', '', NULL, NULL, NULL, 'รับเงินอุดหนุนค่าอาหารนักเรียนพักนอน 2/2562', NULL, NULL, '112000.00', NULL, NULL, '', 8, 1057120596, 0, '2020-11-28 17:18:57'),
(44, '2019-11-29 00:00:00', 'บค.', '18', 1, '2563', 'เงินเดือนเจ้าหน้าที่ทรูปลูกปัญญา เดือนพฤศจิกายน 2562', NULL, 2, '-15400.00', 'DuplicatePayment', NULL, '', 8, 1057120596, 0, '2020-11-28 17:19:33'),
(45, '2019-12-06 00:00:00', 'บค.', '19', 1, '2563', 'ค่าเดินทางไปราชการ ครูกฤษฎา 7,464 และครูพรรณิภา 1,772', NULL, 2, '-9236.00', 'DuplicatePayment', NULL, '', 8, 1057120596, 0, '2020-11-30 12:04:08'),
(46, '2019-12-06 00:00:00', 'บจ.', '20', 1, '2563', 'โครงการ พัฒนาภาษาไทยสำหรับเด็กที่ไม่ใช้ภาษาไทยเป็นภาษาแม่ 10,000 ,วันลอยกระทง 8,000 ,ส่งเสริมความเป็นเลิศทางวิชาการ 25,000', NULL, 4, '-43000.00', 'DuplicatePayment', '430.00', 'วัสดุ', 8, 1057120596, 0, '2020-11-30 12:05:33'),
(47, '2019-12-06 00:00:00', 'บจ.', '21', 1, '2563', 'พัฒนาระบบประชาสัมพันธ์ 13,000 ,พัฒนาอัจฉริยภาพทางด้านเทคโนโลยี 25,000', NULL, 5, '-38000.00', 'DuplicatePayment', '380.00', 'วัสดุ', 8, 1057120596, 0, '2020-11-30 12:08:59'),
(48, '2019-12-06 00:00:00', 'บจ.', '22', 1, '2563', 'ค่าไฟฟ้า เดือน พฤศจิกายน 2562', NULL, 3, '-13237.31', 'DuplicatePayment', NULL, '', 8, 1057120596, 0, '2020-11-30 12:10:04'),
(49, '2019-12-13 00:00:00', 'บค.', '27', 1, '2563', 'เงินยืมโครงการทักษะวิชาการระดับชาติ', NULL, 2, '-20160.00', 'Debtor', NULL, '', 8, 1057120596, 0, '2020-11-30 12:11:29'),
(50, '2019-12-20 00:00:00', 'บจ.', '28', 1, '2563', 'โครงการนักประวัติศาสตร์น้อย 2,730 ,บ้านนักวิทย์น้อย 5,000 บาท', NULL, 4, '-7730.00', 'DuplicatePayment', '77.30', 'วัสดุ', 8, 1057120596, 0, '2020-11-30 12:12:38'),
(51, '2019-12-23 00:00:00', 'บจ.', '27', 1, '2563', 'โครงการส่งเสริมความเป็นเลิศทางวิชาการ(ทักษะวิชาการระดับชาติ รายการจ้างเหมารถ)', NULL, 6, '-27000.00', 'DuplicatePayment', '270.00', 'จ้างเหมารถ', 8, 1057120596, 0, '2020-11-30 12:13:22'),
(52, '2019-12-23 00:00:00', 'บค.', '33', 1, '2563', 'เงินยืมค่าอาหารนักเรียนกีฬากลุ่มเทอดไทย', NULL, 2, '-10000.00', 'DuplicatePayment', '0.00', 'อาหาร', 8, 1057120596, 0, '2020-11-30 12:14:07'),
(53, '2019-12-26 00:00:00', '', NULL, NULL, NULL, 'รับเงินอุดหนุนรายหัว 30 % ค่าจัดการเรียนการสอน', NULL, NULL, '181450.00', NULL, NULL, '', 8, 1057120596, 0, '2020-11-30 13:00:23'),
(54, '2019-12-27 00:00:00', 'บค.', '34', 1, '2563', 'เงินเดือนเจ้าหน้าที่ทรูปลูกปัญญา เดือนธันวาคม 2562', NULL, 2, '-15400.00', 'DuplicatePayment', NULL, '', 8, 1057120596, 0, '2020-11-30 13:01:12'),
(57, '2020-01-08 00:00:00', 'ไม่ระบุ', NULL, NULL, NULL, 'ภาษี ณ ที่จ่ายเดือน ธันวาคม 2562', NULL, NULL, '-1157.30', NULL, NULL, '', 0, 1057120596, 0, '2020-12-06 14:29:04'),
(65, '2021-01-12 00:00:00', 'บจ.', '54', 1, '2563', 'asfasf', NULL, 7, '-80100.00', 'DuplicatePayment', '0.00', NULL, 11, 1057120596, 0, '2021-01-12 14:15:04'),
(66, '2021-02-23 15:56:22', 'บร.', '17ก63220/3', 1, '', 'ลองสร้างจาก APIs', '', NULL, '5000.00', NULL, NULL, NULL, 0, 1057120596, 0, '2021-02-23 15:59:58'),
(79, '2021-06-06 00:00:00', 'ไม่ระบุ', NULL, NULL, NULL, 'qqq', NULL, NULL, '1000.00', NULL, NULL, NULL, 11, 1057120596, 0, '2021-06-06 03:44:36'),
(80, '2021-06-06 00:00:00', 'ไม่ระบุ', NULL, NULL, NULL, 'www', NULL, NULL, '2000.00', NULL, NULL, NULL, 14, 1057120596, 0, '2021-06-06 03:44:38'),
(81, '2021-06-06 00:00:00', 'ไม่ระบุ', NULL, NULL, NULL, 'eee', NULL, NULL, '3000.00', NULL, NULL, NULL, 21, 1057120596, 0, '2021-06-06 03:44:40'),
(82, '2021-06-01 00:00:00', 'ไม่ระบุ', NULL, NULL, NULL, 'qweqwe', NULL, NULL, '500.00', NULL, NULL, NULL, 16, 1057120596, 0, '2021-06-06 03:48:10');

-- --------------------------------------------------------

--
-- Table structure for table `user`
--

CREATE TABLE `user` (
  `Id` int(11) NOT NULL,
  `Username` varchar(255) CHARACTER SET utf8mb4 COLLATE utf8mb4_general_ci NOT NULL,
  `Password` varchar(255) CHARACTER SET utf8mb4 COLLATE utf8mb4_general_ci NOT NULL,
  `Name` varchar(255) CHARACTER SET utf8mb4 COLLATE utf8mb4_general_ci NOT NULL,
  `Position` varchar(255) CHARACTER SET utf8mb4 COLLATE utf8mb4_general_ci NOT NULL,
  `Role` varchar(255) CHARACTER SET utf8mb4 COLLATE utf8mb4_general_ci NOT NULL,
  `CreatedDate` datetime NOT NULL
) ENGINE=InnoDB DEFAULT CHARSET=utf8mb4 COLLATE=utf8mb4_general_ci;

--
-- Dumping data for table `user`
--

INSERT INTO `user` (`Id`, `Username`, `Password`, `Name`, `Position`, `Role`, `CreatedDate`) VALUES
(7, 'to', 'A665A45920422F9D417E4867EFDC4FB8A04A1F3FFF1FA07E998E86F7F7A27AE3', 'to', 'money', 'Admin', '2021-01-25 16:00:09');

--
-- Indexes for dumped tables
--

--
-- Indexes for table `bankaccount`
--
ALTER TABLE `bankaccount`
  ADD PRIMARY KEY (`Id`);

--
-- Indexes for table `bringforward`
--
ALTER TABLE `bringforward`
  ADD PRIMARY KEY (`Id`);

--
-- Indexes for table `budget`
--
ALTER TABLE `budget`
  ADD PRIMARY KEY (`Id`);

--
-- Indexes for table `incomereceipt`
--
ALTER TABLE `incomereceipt`
  ADD PRIMARY KEY (`Id`);

--
-- Indexes for table `partner`
--
ALTER TABLE `partner`
  ADD PRIMARY KEY (`Id`);

--
-- Indexes for table `sao`
--
ALTER TABLE `sao`
  ADD PRIMARY KEY (`sao_id`);

--
-- Indexes for table `schoolyear`
--
ALTER TABLE `schoolyear`
  ADD PRIMARY KEY (`Id`);

--
-- Indexes for table `transaction`
--
ALTER TABLE `transaction`
  ADD PRIMARY KEY (`Id`);

--
-- Indexes for table `user`
--
ALTER TABLE `user`
  ADD PRIMARY KEY (`Id`);

--
-- AUTO_INCREMENT for dumped tables
--

--
-- AUTO_INCREMENT for table `bankaccount`
--
ALTER TABLE `bankaccount`
  MODIFY `Id` int(11) NOT NULL AUTO_INCREMENT, AUTO_INCREMENT=4;

--
-- AUTO_INCREMENT for table `bringforward`
--
ALTER TABLE `bringforward`
  MODIFY `Id` int(11) NOT NULL AUTO_INCREMENT, AUTO_INCREMENT=12227;

--
-- AUTO_INCREMENT for table `budget`
--
ALTER TABLE `budget`
  MODIFY `Id` int(11) NOT NULL AUTO_INCREMENT, AUTO_INCREMENT=24;

--
-- AUTO_INCREMENT for table `incomereceipt`
--
ALTER TABLE `incomereceipt`
  MODIFY `Id` int(11) NOT NULL AUTO_INCREMENT, AUTO_INCREMENT=6;

--
-- AUTO_INCREMENT for table `partner`
--
ALTER TABLE `partner`
  MODIFY `Id` int(11) NOT NULL AUTO_INCREMENT, AUTO_INCREMENT=23;

--
-- AUTO_INCREMENT for table `schoolyear`
--
ALTER TABLE `schoolyear`
  MODIFY `Id` int(11) NOT NULL AUTO_INCREMENT, AUTO_INCREMENT=2;

--
-- AUTO_INCREMENT for table `transaction`
--
ALTER TABLE `transaction`
  MODIFY `Id` int(11) NOT NULL AUTO_INCREMENT, AUTO_INCREMENT=83;

--
-- AUTO_INCREMENT for table `user`
--
ALTER TABLE `user`
  MODIFY `Id` int(11) NOT NULL AUTO_INCREMENT, AUTO_INCREMENT=8;
COMMIT;

/*!40101 SET CHARACTER_SET_CLIENT=@OLD_CHARACTER_SET_CLIENT */;
/*!40101 SET CHARACTER_SET_RESULTS=@OLD_CHARACTER_SET_RESULTS */;
/*!40101 SET COLLATION_CONNECTION=@OLD_COLLATION_CONNECTION */;
